device_id,manufacturer,model,firmware_version,ip_address,ml_risk_level,prediction_confidence,vulnerability_count,max_cvss_score,avg_exploitation_complexity,public_exploits_available,metasploit_modules
CCTV-00001,Uniview,IPC322LR3-VSPF40,V15.4.31,50.216.174.72,Critical,99.96,2,9.8,1.0,2,2
CCTV-00002,Dahua,NVR4104HS,V24.5.13,21.116.148.253,Critical,99.59,2,9.8,2.0,1,1
CCTV-00003,Hikvision,DS-2CD1023G,V22.6.35,24.117.16.207,Critical,99.86,2,9.8,1.0,2,2
CCTV-00004,CP Plus,CP-E24A,V16.3.72,22.56.78.161,Critical,99.86,1,9.1,2.0,0,1
CCTV-00005,Dahua,IPC-HDBW2831R,V19.6.48,55.54.152.216,Critical,99.94,2,9.8,2.0,1,1
CCTV-00006,Uniview,NVR304-32E-B,V15.2.69,146.64.65.169,Critical,99.88,1,8.8,1.0,1,1
CCTV-00007,Axis,F34,V15.8.77,160.117.112.2,Critical,99.89,1,9.1,2.0,0,1
CCTV-00008,Hikvision,DS-2CD2043G,V16.0.42,23.50.31.104,Critical,99.95,1,9.8,1.0,1,1
CCTV-00009,Uniview,IPC532E-DL-IN,V21.1.31,33.121.85.105,Critical,99.93,1,9.8,1.0,1,1
CCTV-00010,Axis,P3265-LVE,V16.6.7,132.80.29.246,Critical,99.93,3,9.8,1.67,2,1
CCTV-00011,Vivotek,FD9389-EHTV,V22.1.76,77.202.67.172,Critical,99.81,3,9.8,1.67,2,2
CCTV-00012,Uniview,IPC6252SR-X5UG,V17.1.1,177.4.153.239,Critical,99.92,2,9.8,1.0,2,2
CCTV-00013,Uniview,IPC322LR3-VSPF40,V24.2.33,80.22.1.86,Critical,99.04,1,9.8,1.0,1,1
CCTV-00014,Hanwha,PNM-9084RQZ,V19.4.20,20.183.107.175,Critical,99.9,1,6.5,3.0,0,0
CCTV-00015,Dahua,IPC-HFW2431T,V17.8.52,130.113.102.210,Critical,99.9,1,8.8,1.0,1,1
CCTV-00016,Axis,Q1615-E,V16.3.28,98.160.223.156,Critical,99.92,2,9.8,2.0,1,1
CCTV-00017,Vivotek,FD9389-EHTV,V17.9.24,114.167.206.179,Critical,99.93,2,9.8,1.0,2,2
CCTV-00018,CP Plus,CP-DGC-D13L2,V15.6.85,178.43.145.132,Critical,99.9,0,0.0,0.0,0,0
CCTV-00019,Uniview,IPC532E-DL-IN,V15.3.86,37.217.112.46,Critical,99.92,2,9.8,1.0,2,2
CCTV-00020,Hanwha,QNV-7080R,V18.8.31,170.122.140.113,Critical,99.61,0,0.0,0.0,0,0
CCTV-00021,Hikvision,DS-2CD1623G,V16.5.40,157.194.244.2,Critical,99.9,3,9.8,2.0,1,2
CCTV-00022,CP Plus,CP-UVR-0401E1,V20.6.68,169.13.201.152,Critical,99.9,1,6.5,3.0,0,0
CCTV-00023,Vivotek,IB9389-EHT,V15.6.17,99.114.35.200,Critical,99.91,1,6.5,3.0,0,0
CCTV-00024,Uniview,IPC2124SR3-PF40,V20.3.25,89.55.13.238,Critical,99.92,1,7.8,1.0,1,0
CCTV-00025,CP Plus,CP-PLUS-16CH-DVR,V19.6.50,27.174.6.218,Critical,99.92,0,0.0,0.0,0,0
CCTV-00026,Axis,P3265-LVE,V15.5.81,155.194.172.8,Critical,99.88,1,6.5,3.0,0,0
CCTV-00027,Axis,Q1615-E,V16.3.45,33.150.113.104,Critical,99.91,0,0.0,0.0,0,0
CCTV-00028,Uniview,NVR304-32E-B,V16.9.47,80.144.51.214,Critical,99.93,3,9.8,1.67,2,2
CCTV-00029,Dahua,NVR5208-8P,V16.2.38,185.27.77.39,Critical,99.93,3,9.8,2.0,1,2
CCTV-00030,Hanwha,QND-7082R,V15.3.15,64.135.41.41,Critical,99.83,1,9.1,2.0,0,1
CCTV-00031,Dahua,IPC-HDW1431S,V18.2.0,78.72.36.16,Critical,99.91,2,9.8,2.0,1,1
CCTV-00032,Dahua,NVR5208-8P,V19.9.36,157.10.137.148,Critical,99.94,2,9.8,2.0,1,1
CCTV-00033,Hikvision,DS-2CD2085FWD,V18.7.35,126.45.161.65,Critical,99.96,1,9.8,1.0,1,1
CCTV-00034,CP Plus,CP-UNC-DA41L3,V25.6.65,188.248.62.8,High,69.26,1,6.5,3.0,0,0
CCTV-00035,Uniview,NVR304-32E-B,V20.4.70,72.233.74.99,Critical,99.92,1,9.8,1.0,1,1
CCTV-00036,Dahua,SD22204UE-GN,V18.2.8,149.193.233.239,Critical,99.91,2,9.8,2.0,1,1
CCTV-00037,CP Plus,CP-EAC-T24PL2,V25.3.73,13.73.209.223,Critical,99.57,1,9.8,1.0,1,1
CCTV-00038,Uniview,IPC672LR-AX4DUPK,V15.4.43,35.227.85.178,Critical,99.92,2,9.8,1.5,1,2
CCTV-00039,CP Plus,CP-UNC-TA21L3,V15.0.37,75.4.238.231,Critical,99.94,2,9.8,2.0,1,1
CCTV-00040,CP Plus,CP-DGC-D13L2,V15.7.44,12.25.254.214,Critical,99.92,0,0.0,0.0,0,0
CCTV-00041,CP Plus,CP-EAC-T24PL2,V19.5.28,43.187.139.213,Critical,99.92,2,9.8,1.0,2,2
CCTV-00042,Dahua,NVR5208-8P,V23.7.37,77.195.190.28,Low,95.91,0,0.0,0.0,0,0
CCTV-00043,Uniview,NVR304-32E-B,V18.9.71,181.214.79.227,Critical,99.95,2,9.8,1.0,2,2
CCTV-00044,Axis,M2026-LE,V21.9.52,58.62.232.24,Critical,99.76,1,6.5,3.0,0,0
CCTV-00045,Uniview,NVR304-32E-B,V19.9.2,43.128.89.29,Critical,99.96,1,9.8,1.0,1,1
CCTV-00046,Uniview,IPC2124SR3-PF40,V15.5.30,87.234.15.16,Critical,99.92,2,9.8,2.0,1,1
CCTV-00047,Axis,M3067-P,V17.1.62,189.58.110.111,Critical,99.92,0,0.0,0.0,0,0
CCTV-00048,Axis,M3116-LVE,V17.7.51,153.168.62.106,Critical,99.85,1,6.5,3.0,0,0
CCTV-00049,CP Plus,CP-E24A,V22.0.36,178.136.14.47,Critical,98.88,1,6.5,3.0,0,0
CCTV-00050,CP Plus,CP-UVR-0401E1,V23.5.0,49.80.25.173,Critical,99.46,1,9.8,1.0,1,1
CCTV-00051,Hikvision,DS-2CD1623G,V17.6.62,45.130.148.84,Critical,99.95,3,9.8,1.67,2,1
CCTV-00052,Hikvision,DS-2CD2043G,V18.6.22,93.87.235.213,Critical,99.94,4,9.8,1.5,3,2
CCTV-00053,Uniview,IPC532E-DL-IN,V15.1.31,70.52.74.66,Critical,99.92,1,9.8,1.0,1,1
CCTV-00054,Dahua,IPC-HDW1431S,V19.1.22,19.29.188.213,Critical,99.91,2,8.8,2.0,1,1
CCTV-00055,CP Plus,CP-UNC-DA41L3,V19.1.78,175.88.20.64,Critical,99.95,2,9.8,1.0,2,1
CCTV-00056,Uniview,IPC672LR-AF60-B,V25.8.66,99.158.200.34,Critical,99.07,2,9.9,2.0,1,1
CCTV-00057,Vivotek,FD9389-EHTV,V16.6.82,35.19.172.225,Critical,99.85,2,9.1,1.5,1,2
CCTV-00058,Hanwha,PNM-9084RQZ,V19.2.20,130.99.188.174,Critical,99.91,2,9.8,1.0,2,2
CCTV-00059,Vivotek,MD8563-EH,V18.4.99,141.75.223.24,Critical,99.91,2,9.8,1.0,2,2
CCTV-00060,Dahua,IPC-HFW5831E,V22.0.53,45.240.229.158,Critical,99.91,1,9.8,1.0,1,1
CCTV-00061,Hikvision,DS-2CD2143G,V15.3.19,46.149.219.1,Critical,99.92,3,9.8,1.33,2,2
CCTV-00062,Vivotek,FE8182,V16.6.23,158.170.68.12,Critical,99.83,1,7.8,1.0,1,0
CCTV-00063,CP Plus,CP-DGC-D13L2,V17.2.99,175.97.146.92,Critical,99.91,3,9.8,1.67,2,1
CCTV-00064,Hanwha,XNP-6320H,V22.5.34,164.92.150.83,Critical,99.92,1,9.8,1.0,1,1
CCTV-00065,Hikvision,DS-2CD2143G,V17.4.39,46.224.17.33,Critical,99.94,2,9.8,2.0,1,1
CCTV-00066,Hikvision,DS-2CD1023G,V21.5.46,109.60.134.199,Critical,99.94,2,9.8,2.0,1,1
CCTV-00067,CP Plus,CP-USC-TA13L2,V16.9.36,84.153.80.183,Critical,99.93,2,9.8,2.0,1,1
CCTV-00068,Uniview,IPC672LR-AX4DUPK,V21.8.28,132.210.209.211,Critical,99.88,1,9.8,1.0,1,1
CCTV-00069,Vivotek,FD9389-EHTV,V15.5.82,82.40.128.51,Critical,99.91,1,9.8,1.0,1,1
CCTV-00070,Uniview,IPC6252SR-X5UG,V15.4.78,157.135.107.197,Critical,99.94,4,9.8,1.75,2,3
CCTV-00071,Vivotek,IP8160-W,V19.0.63,91.176.204.34,Critical,99.94,0,0.0,0.0,0,0
CCTV-00072,Hanwha,XRN-2011,V18.1.40,58.81.255.132,Critical,99.91,2,9.8,2.0,1,1
CCTV-00073,Axis,P3265-LVE,V22.7.2,37.220.68.226,Critical,99.76,2,9.8,2.0,1,1
CCTV-00074,CP Plus,CP-VCG-SD10L2,V20.5.5,34.201.191.204,Critical,99.93,1,9.8,1.0,1,1
CCTV-00075,CP Plus,CP-DGC-D13L2,V24.2.25,140.250.153.122,Low,95.64,0,0.0,0.0,0,0
CCTV-00076,Hanwha,XNP-6320H,V17.1.53,168.194.75.211,Critical,99.87,1,9.1,2.0,0,1
CCTV-00077,Uniview,NVR304-32E-B,V15.1.24,54.235.175.140,Critical,99.92,2,9.8,2.0,1,1
CCTV-00078,CP Plus,CP-UVR-0401E1,V19.3.31,98.74.148.11,Critical,99.93,1,9.8,1.0,1,1
CCTV-00079,CP Plus,CP-UNC-DA41L3,V17.7.83,184.70.2.247,Critical,99.94,2,9.8,2.0,1,1
CCTV-00080,Vivotek,CC8370-HV,V17.7.61,111.253.95.240,Critical,99.9,2,7.8,2.0,1,0
CCTV-00081,Uniview,IPC6252SR-X5UG,V22.0.38,96.151.98.45,Critical,99.5,1,7.8,1.0,1,0
CCTV-00082,Vivotek,IP8160-W,V21.8.41,177.184.120.16,Critical,99.96,1,9.8,1.0,1,1
CCTV-00083,Uniview,IPC322LR3-VSPF40,V18.2.51,180.111.126.175,Critical,99.88,0,0.0,0.0,0,0
CCTV-00084,Hanwha,QNO-8080R,V18.8.90,116.233.29.144,Critical,99.88,2,8.8,1.0,2,1
CCTV-00085,Axis,P1455-LE,V20.6.32,175.215.191.229,Critical,99.92,1,6.5,3.0,0,0
CCTV-00086,Axis,P3265-LVE,V22.6.48,118.194.117.64,Critical,99.9,1,9.8,1.0,1,1
CCTV-00087,Axis,Q1615-E,V15.3.92,148.111.28.36,Critical,99.83,1,9.1,2.0,0,1
CCTV-00088,Vivotek,SD9364-EHL,V16.9.40,174.195.163.179,Critical,99.92,0,0.0,0.0,0,0
CCTV-00089,Axis,M3067-P,V15.6.23,104.47.97.14,Critical,99.91,1,9.1,2.0,0,1
CCTV-00090,CP Plus,CP-E24A,V19.9.5,190.104.203.235,Critical,99.91,0,0.0,0.0,0,0
CCTV-00091,Dahua,DHI-NVR4216-16P,V16.4.48,159.213.151.40,Critical,99.91,3,9.8,2.0,1,2
CCTV-00092,Dahua,DHI-XVR1B04,V16.9.31,22.3.211.36,Critical,99.95,2,9.8,1.0,2,2
CCTV-00093,Hanwha,XNV-8082R,V15.2.1,188.220.91.28,Critical,99.95,2,9.8,1.5,1,2
CCTV-00094,Hikvision,DS-2CD2T85G1,V15.3.79,24.4.87.22,Critical,99.93,2,9.8,2.0,1,1
CCTV-00095,Axis,M3067-P,V19.5.72,63.73.203.238,Critical,99.94,1,7.8,1.0,1,0
CCTV-00096,Hikvision,DS-2CD1623G,V15.3.72,125.251.116.92,Critical,99.94,1,9.8,1.0,1,1
CCTV-00097,Vivotek,IP8160-W,V17.9.84,79.52.67.23,Critical,99.93,3,9.8,2.0,1,2
CCTV-00098,Dahua,IPC-HDBW2831R,V17.8.65,45.137.154.69,Critical,99.92,3,9.8,2.0,1,2
CCTV-00099,Axis,P3245-LVE,V15.6.35,122.171.220.209,Critical,99.39,0,0.0,0.0,0,0
CCTV-00100,Hanwha,PNM-9084RQZ,V16.9.88,150.13.236.242,Critical,99.95,2,9.8,1.0,2,1
CCTV-00101,Uniview,NVR304-32E-B,V17.4.88,187.214.18.203,Critical,99.94,1,9.8,1.0,1,1
CCTV-00102,CP Plus,CP-DGC-D13L2,V19.1.13,158.113.228.96,Critical,99.93,1,6.5,3.0,0,0
CCTV-00103,Axis,P3265-LVE,V21.9.88,122.231.163.18,Critical,98.2,0,0.0,0.0,0,0
CCTV-00104,CP Plus,CP-UNC-TA21L3,V21.1.2,111.14.101.116,Critical,99.89,1,6.5,3.0,0,0
CCTV-00105,Vivotek,IP8160-W,V17.3.26,127.88.152.236,Critical,99.95,1,9.8,1.0,1,1
CCTV-00106,Vivotek,ND9541P,V15.2.40,90.230.27.222,Critical,99.95,3,9.8,1.67,2,1
CCTV-00107,CP Plus,CP-UNC-TA21L3,V18.3.49,140.57.58.69,Critical,99.91,1,6.5,3.0,0,0
CCTV-00108,Hanwha,QNV-7080R,V21.5.69,70.107.179.221,Critical,99.85,2,7.8,2.0,1,0
CCTV-00109,Uniview,IPC2328SBR3-DPZ,V15.2.26,80.64.67.64,Critical,99.92,1,7.8,1.0,1,0
CCTV-00110,Dahua,DHI-XVR1B04,V21.6.62,10.47.234.163,Critical,99.9,2,9.8,2.0,1,1
CCTV-00111,Uniview,IPC532E-DL-IN,V22.8.50,170.235.8.32,Critical,99.83,1,9.8,1.0,1,1
CCTV-00112,Hanwha,PNM-9084RQZ,V17.0.54,119.46.48.1,Critical,99.95,1,9.8,1.0,1,1
CCTV-00113,Dahua,IPC-HFW5831E,V15.9.28,44.73.35.136,Critical,99.94,2,9.8,1.0,2,1
CCTV-00114,Vivotek,IB9389-EHT,V19.2.56,80.43.127.142,Critical,99.94,2,9.8,1.0,2,1
CCTV-00115,Vivotek,ND9541P,V20.4.99,137.36.6.253,Critical,99.85,1,7.8,1.0,1,0
CCTV-00116,CP Plus,CP-VCG-SD10L2,V15.9.53,189.205.42.164,Critical,99.95,1,9.8,1.0,1,1
CCTV-00117,Vivotek,IZ9361-EH,V19.4.10,180.89.61.4,Critical,99.94,3,9.8,1.67,2,1
CCTV-00118,Uniview,IPC672LR-AX4DUPK,V20.2.63,79.32.134.183,Critical,99.86,1,6.5,3.0,0,0
CCTV-00119,Vivotek,FD9389-EHTV,V18.8.46,19.214.114.83,Critical,99.95,3,9.8,2.0,1,2
CCTV-00120,Dahua,IPC-HDBW2831R,V23.5.34,32.233.4.95,Low,91.53,0,0.0,0.0,0,0
CCTV-00121,Dahua,NVR5208-8P,V18.4.94,88.53.105.136,Critical,99.91,2,9.8,1.5,1,2
CCTV-00122,Dahua,IPC-HDBW2831R,V18.0.18,76.161.201.180,Critical,99.92,2,9.8,1.0,2,1
CCTV-00123,Hanwha,XRN-2011,V16.4.29,33.80.155.212,Critical,99.94,1,9.8,1.0,1,1
CCTV-00124,Uniview,IPC2124SR3-PF40,V16.5.18,45.62.6.16,Critical,99.9,2,9.8,2.0,1,1
CCTV-00125,Hanwha,XNV-8082R,V15.6.47,120.202.254.8,Critical,99.89,1,8.8,1.0,1,1
CCTV-00126,Axis,M3067-P,V16.3.23,171.9.195.201,Critical,99.96,1,9.8,1.0,1,1
CCTV-00127,Uniview,IPC532E-DL-IN,V18.7.44,24.112.198.91,Critical,99.93,2,9.1,2.5,0,1
CCTV-00128,Hanwha,PNM-9084RQZ,V16.9.40,66.10.244.1,Critical,99.86,2,9.1,1.5,1,2
CCTV-00129,CP Plus,CP-PLUS-16CH-DVR,V16.2.43,96.154.165.35,Critical,99.93,1,9.8,1.0,1,1
CCTV-00130,Dahua,IPC-HDBW2831R,V21.7.83,155.16.93.155,Critical,99.89,2,9.8,2.0,1,1
CCTV-00131,CP Plus,CP-PLUS-16CH-DVR,V16.9.13,117.85.211.127,Critical,99.89,1,9.1,2.0,0,1
CCTV-00132,Axis,Q1615-E,V18.1.61,162.247.15.111,Critical,99.88,1,7.8,1.0,1,0
CCTV-00133,Uniview,IPC672LR-AX4DUPK,V19.6.20,32.150.245.52,Critical,99.95,2,9.8,1.0,2,1
CCTV-00134,Hikvision,DS-2CD2043G,V16.4.10,48.49.43.172,Critical,99.96,1,9.8,1.0,1,1
CCTV-00135,CP Plus,CP-DGC-D13L2,V17.9.29,124.88.85.249,Critical,99.95,2,9.8,1.0,2,1
CCTV-00136,Dahua,NVR4104HS,V15.6.10,117.57.212.39,Critical,99.92,0,0.0,0.0,0,0
CCTV-00137,Dahua,SD22204UE-GN,V19.1.13,94.121.25.191,Critical,99.94,2,9.8,2.0,1,1
CCTV-00138,Axis,P1455-LE,V23.0.43,114.248.191.211,Medium,74.09,0,0.0,0.0,0,0
CCTV-00139,Hikvision,DS-2CD2T85G1,V21.1.39,80.188.237.130,Critical,99.92,1,6.5,3.0,0,0
CCTV-00140,Axis,M2026-LE,V19.3.47,64.113.115.174,Critical,99.89,0,0.0,0.0,0,0
CCTV-00141,Dahua,NVR5208-8P,V19.8.2,74.111.238.78,Critical,99.89,1,8.8,1.0,1,1
CCTV-00142,Uniview,IPC2328SBR3-DPZ,V19.0.65,58.76.123.231,Critical,99.92,0,0.0,0.0,0,0
CCTV-00143,Hikvision,DS-2DE4A425IW,V17.5.87,53.92.150.25,Critical,99.92,2,9.8,2.0,1,1
CCTV-00144,Axis,P3245-LVE,V20.8.97,23.36.241.228,Critical,99.92,1,8.8,1.0,1,1
CCTV-00145,Dahua,DHI-NVR4216-16P,V15.6.67,171.90.160.163,Critical,99.91,1,9.8,1.0,1,1
CCTV-00146,Hikvision,DS-2CD2043G,V17.3.97,145.97.9.174,Critical,99.94,2,9.8,2.0,1,1
CCTV-00147,Hikvision,DS-2CD1023G,V16.5.39,58.84.206.5,Critical,99.94,1,9.8,1.0,1,1
CCTV-00148,Dahua,NVR4104HS,V20.2.27,39.213.227.98,Critical,99.6,0,0.0,0.0,0,0
CCTV-00149,Hikvision,DS-2CD2T85G1,V16.2.26,61.183.209.76,Critical,99.94,4,9.8,1.75,2,3
CCTV-00150,Dahua,IPC-HFW1230S,V18.3.88,85.135.237.13,Critical,97.77,0,0.0,0.0,0,0
CCTV-00151,Hikvision,DS-2CD2085FWD,V22.4.46,33.190.175.47,Critical,99.71,1,6.5,3.0,0,0
CCTV-00152,Hikvision,DS-7616NI-Q2,V17.7.34,107.183.14.221,Critical,99.92,3,9.8,1.67,2,2
CCTV-00153,Uniview,IPC672LR-AX4DUPK,V18.7.14,98.197.76.215,Critical,99.82,1,9.1,2.0,0,1
CCTV-00154,Hanwha,QNV-7080R,V23.9.6,70.40.235.114,Critical,97.97,1,9.8,1.0,1,1
CCTV-00155,Hanwha,XND-6085V,V15.7.57,97.186.27.210,Critical,99.93,1,9.8,1.0,1,1
CCTV-00156,Dahua,IPC-HFW5831E,V17.9.76,114.54.130.157,Critical,99.93,3,9.8,1.33,2,3
CCTV-00157,Dahua,NVR4104HS,V15.6.27,55.88.65.27,Critical,99.93,1,9.8,1.0,1,1
CCTV-00158,Axis,P3719-PLE,V19.5.64,189.160.111.52,Critical,99.95,0,0.0,0.0,0,0
CCTV-00159,Dahua,SD22204UE-GN,V20.5.86,13.54.12.98,Critical,99.94,1,9.8,1.0,1,1
CCTV-00160,Dahua,IPC-HFW1230S,V19.3.34,175.199.121.131,Critical,99.9,1,6.5,3.0,0,0
CCTV-00161,Hanwha,QND-7082R,V20.0.48,59.150.229.46,Critical,99.92,0,0.0,0.0,0,0
CCTV-00162,Uniview,IPC322LR3-VSPF40,V16.2.94,23.154.251.203,Critical,99.92,2,9.8,2.0,1,1
CCTV-00163,Vivotek,IZ9361-EH,V17.5.67,153.4.58.172,Critical,99.94,1,9.8,1.0,1,1
CCTV-00164,CP Plus,CP-USC-TA13L2,V16.9.79,85.98.164.132,Critical,99.93,1,9.8,1.0,1,1
CCTV-00165,Hikvision,DS-2CD2143G,V15.8.68,28.116.132.105,Critical,99.94,2,9.8,1.5,1,2
CCTV-00166,Axis,P3265-LVE,V19.6.40,122.195.202.211,Critical,99.92,2,9.8,1.0,2,2
CCTV-00167,Uniview,IPC2124SR3-PF40,V18.8.28,98.108.211.232,Critical,99.93,3,9.8,1.33,2,2
CCTV-00168,Uniview,IPC672LR-AX4DUPK,V15.3.78,70.51.145.159,Critical,99.89,1,6.5,3.0,0,0
CCTV-00169,Hikvision,DS-2CD1023G,V16.7.42,132.236.228.92,Critical,99.95,2,9.8,1.5,1,2
CCTV-00170,Hanwha,QND-7082R,V18.1.22,19.133.241.168,Critical,99.85,1,6.5,3.0,0,0
CCTV-00171,Hanwha,PNM-9084RQZ,V17.3.98,154.74.247.241,Critical,99.91,2,9.1,1.5,1,2
CCTV-00172,CP Plus,CP-UNC-TA21L3,V16.7.29,54.192.193.94,Critical,99.94,2,9.8,1.5,1,2
CCTV-00173,Vivotek,FD9389-EHTV,V18.6.28,68.212.169.185,Critical,99.9,1,7.8,1.0,1,0
CCTV-00174,Hikvision,DS-2CD2385G1,V19.7.26,173.9.145.243,Critical,99.94,2,9.8,2.0,1,1
CCTV-00175,Hikvision,DS-2CD1023G,V17.7.61,143.214.76.156,Critical,99.91,3,9.8,1.33,2,3
CCTV-00176,Hikvision,DS-2CD2085FWD,V18.9.76,157.50.217.35,Critical,99.91,1,9.8,1.0,1,1
CCTV-00177,CP Plus,CP-USC-TA13L2,V20.1.36,176.129.133.219,Critical,99.94,2,9.8,1.0,2,1
CCTV-00178,Vivotek,IP8160-W,V18.9.35,124.82.51.55,Critical,99.9,1,6.5,3.0,0,0
CCTV-00179,Vivotek,IP8160-W,V21.8.78,112.146.29.243,Critical,99.59,0,0.0,0.0,0,0
CCTV-00180,Hanwha,PNM-9084RQZ,V19.7.1,160.102.7.189,Critical,99.96,2,9.8,1.0,2,2
CCTV-00181,Uniview,IPC322LR3-VSPF40,V23.8.36,39.131.128.178,Low,74.38,0,0.0,0.0,0,0
CCTV-00182,Axis,M3067-P,V18.3.96,77.127.147.24,Critical,99.88,0,0.0,0.0,0,0
CCTV-00183,Axis,Q1615-E,V15.2.60,183.252.3.196,Critical,99.92,2,9.8,1.5,1,2
CCTV-00184,Hanwha,QNV-7080R,V24.7.47,138.177.201.221,High,62.39,0,0.0,0.0,0,0
CCTV-00185,Uniview,IPC672LR-AX4DUPK,V17.1.89,189.190.186.219,Critical,99.93,2,9.8,1.0,2,1
CCTV-00186,Axis,P1455-LE,V17.9.16,171.161.249.77,Critical,99.84,1,9.1,2.0,0,1
CCTV-00187,CP Plus,CP-DGC-D13L2,V22.0.50,183.101.89.251,Critical,99.82,2,9.8,1.0,2,1
CCTV-00188,Hanwha,QND-7082R,V17.8.62,84.136.202.70,Critical,99.9,1,9.1,2.0,0,1
CCTV-00189,Axis,Q1615-E,V20.8.57,144.42.53.68,Critical,97.66,0,0.0,0.0,0,0
CCTV-00190,Vivotek,CC8370-HV,V15.6.39,188.90.233.162,Critical,99.92,3,9.8,1.67,2,2
CCTV-00191,Uniview,IPC2328SBR3-DPZ,V18.8.39,135.244.153.3,Critical,99.89,2,7.8,2.0,1,0
CCTV-00192,Hanwha,PNF-9010R,V21.9.29,166.139.145.167,Critical,99.61,0,0.0,0.0,0,0
CCTV-00193,Uniview,IPC6252SR-X5UG,V17.1.23,69.46.77.4,Critical,99.94,2,9.8,2.0,1,1
CCTV-00194,Axis,M3116-LVE,V17.4.63,192.127.197.198,Critical,99.87,1,9.1,2.0,0,1
CCTV-00195,Axis,M3116-LVE,V20.0.25,60.184.26.222,Critical,99.88,1,6.5,3.0,0,0
CCTV-00196,Uniview,NVR304-32E-B,V25.3.81,168.173.30.16,Critical,99.26,2,9.9,2.0,1,1
CCTV-00197,CP Plus,CP-VAC-D20L2,V20.1.16,135.97.95.140,Critical,99.94,2,9.8,2.0,1,1
CCTV-00198,CP Plus,CP-VCG-SD10L2,V20.4.76,71.164.32.169,Critical,97.45,0,0.0,0.0,0,0
CCTV-00199,Vivotek,IP8160-W,V16.7.98,178.250.131.13,Critical,99.92,2,9.1,2.5,0,1
CCTV-00200,CP Plus,CP-EAC-T24PL2,V19.1.1,20.36.155.20,Critical,99.89,1,6.5,3.0,0,0
CCTV-00201,Dahua,DHI-NVR4216-16P,V15.3.68,112.172.80.137,Critical,99.93,3,9.8,1.33,2,2
CCTV-00202,Vivotek,MD8563-EH,V24.5.70,111.0.17.252,Low,96.12,0,0.0,0.0,0,0
CCTV-00203,CP Plus,CP-PLUS-16CH-DVR,V15.2.38,65.39.166.203,Critical,99.94,3,9.8,1.67,2,2
CCTV-00204,Axis,P3245-LVE,V18.9.12,172.195.27.79,Critical,99.91,0,0.0,0.0,0,0
CCTV-00205,Vivotek,IB9389-EHT,V16.9.19,121.66.69.124,Critical,99.94,3,9.8,1.67,2,2
CCTV-00206,Vivotek,IB8382-T,V18.9.25,123.74.225.12,Critical,99.91,2,9.1,1.5,1,2
CCTV-00207,Hanwha,XNV-8082R,V16.5.19,169.72.9.97,Critical,99.93,0,0.0,0.0,0,0
CCTV-00208,Vivotek,IZ9361-EH,V15.2.7,90.248.45.48,Critical,99.93,2,9.8,1.0,2,1
CCTV-00209,Dahua,DHI-NVR4216-16P,V25.8.91,17.143.115.39,Critical,94.28,1,9.8,1.0,1,1
CCTV-00210,CP Plus,CP-E24A,V19.1.93,61.70.158.177,Critical,99.94,1,9.8,1.0,1,1
CCTV-00211,Uniview,IPC672LR-AX4DUPK,V17.2.83,173.140.77.200,Critical,99.91,1,6.5,3.0,0,0
CCTV-00212,Dahua,IPC-HFW2431T,V15.0.97,45.83.98.58,Critical,99.91,0,0.0,0.0,0,0
CCTV-00213,Hikvision,DS-7616NI-Q2,V20.0.34,20.194.160.101,Critical,99.75,1,6.5,3.0,0,0
CCTV-00214,Vivotek,ND9541P,V19.8.82,83.236.85.109,Critical,99.92,0,0.0,0.0,0,0
CCTV-00215,CP Plus,CP-PLUS-16CH-DVR,V23.8.18,92.83.63.24,Critical,99.39,2,9.9,1.0,2,2
CCTV-00216,Hikvision,DS-2CD2385G1,V19.1.67,192.26.214.79,Critical,99.93,2,9.8,1.0,2,2
CCTV-00217,CP Plus,CP-USC-TA13L2,V16.2.15,123.40.3.63,Critical,95.99,0,0.0,0.0,0,0
CCTV-00218,Vivotek,SD9364-EHL,V19.8.26,55.233.184.239,Critical,99.92,1,9.8,1.0,1,1
CCTV-00219,Hikvision,DS-2CD2143G,V20.5.47,156.44.247.186,Critical,99.94,3,8.8,1.67,2,1
CCTV-00220,Uniview,IPC6252SR-X5UG,V17.5.33,63.212.211.12,Critical,99.96,3,9.8,1.67,2,2
CCTV-00221,CP Plus,CP-VCG-SD10L2,V18.3.1,132.242.18.166,Critical,99.94,3,9.8,2.0,1,2
CCTV-00222,Dahua,IPC-HFW5831E,V15.7.68,48.143.15.87,Critical,99.94,0,0.0,0.0,0,0
CCTV-00223,Axis,F34,V22.9.77,87.89.57.96,Critical,99.48,0,0.0,0.0,0,0
CCTV-00224,Hanwha,XNP-6320H,V21.1.56,43.105.18.118,Critical,99.9,0,0.0,0.0,0,0
CCTV-00225,Axis,F34,V15.4.5,48.80.140.30,Critical,99.93,1,7.8,1.0,1,0
CCTV-00226,Hikvision,DS-2DE4A425IW,V18.1.26,162.228.182.80,Critical,99.93,4,9.8,1.75,2,2
CCTV-00227,CP Plus,CP-EAC-T24PL2,V20.8.10,180.169.166.117,Critical,99.91,1,6.5,3.0,0,0
CCTV-00228,Axis,M3045-V,V15.1.44,168.124.81.250,Critical,99.91,1,6.5,3.0,0,0
CCTV-00229,Axis,M3067-P,V15.3.88,113.35.55.176,Critical,99.92,2,8.8,2.0,1,1
CCTV-00230,Hanwha,PNF-9010R,V17.0.11,183.155.222.184,Critical,99.94,1,9.8,1.0,1,1
CCTV-00231,CP Plus,CP-UNC-DA41L3,V19.9.65,113.195.222.140,Critical,99.94,2,9.8,2.0,1,1
CCTV-00232,Dahua,IPC-HDW1431S,V18.3.71,188.217.92.117,Critical,99.95,1,9.8,1.0,1,1
CCTV-00233,Vivotek,IP8160-W,V18.7.49,186.40.72.187,Critical,99.96,1,9.8,1.0,1,1
CCTV-00234,Uniview,IPC6252SR-X5UG,V18.1.66,100.150.148.43,Critical,99.76,1,6.5,3.0,0,0
CCTV-00235,Hikvision,DS-2DE4A425IW,V20.9.33,38.89.77.169,Critical,99.93,1,9.8,1.0,1,1
CCTV-00236,Axis,Q1615-E,V21.4.89,52.107.176.14,Critical,99.77,1,6.5,3.0,0,0
CCTV-00237,Uniview,IPC6252SR-X5UG,V20.1.6,184.21.49.235,Critical,99.92,1,9.8,1.0,1,1
CCTV-00238,Vivotek,FE8182,V24.6.78,56.160.5.173,Medium,72.32,0,0.0,0.0,0,0
CCTV-00239,Hikvision,DS-2CD2143G,V15.1.67,43.192.94.230,Critical,99.95,3,9.8,2.0,1,2
CCTV-00240,Hikvision,DS-2CD2085FWD,V16.7.84,61.201.91.166,Critical,99.87,1,9.1,2.0,0,1
CCTV-00241,Axis,M2026-LE,V15.6.27,109.136.77.180,Critical,99.9,3,9.1,2.0,1,1
CCTV-00242,CP Plus,CP-E24A,V18.8.90,87.205.28.162,Critical,99.91,1,6.5,3.0,0,0
CCTV-00243,Uniview,IPC322LR3-VSPF40,V17.5.10,16.122.250.100,Critical,99.9,3,8.8,1.67,2,1
CCTV-00244,Hikvision,DS-2CD2T85G1,V19.7.68,19.72.250.168,Critical,99.92,0,0.0,0.0,0,0
CCTV-00245,Hikvision,DS-2CD2385G1,V23.9.5,96.205.166.31,Critical,99.64,1,9.8,1.0,1,1
CCTV-00246,Uniview,IPC672LR-AX4DUPK,V16.3.97,11.3.91.238,Critical,99.94,2,9.8,1.5,1,2
CCTV-00247,Hikvision,DS-2DE4A425IW,V22.6.88,87.178.214.2,Critical,99.72,1,6.5,3.0,0,0
CCTV-00248,Vivotek,IB8382-T,V16.8.12,103.145.107.112,Critical,99.95,2,9.1,1.5,1,1
CCTV-00249,CP Plus,CP-VCG-SD10L2,V19.7.5,93.117.56.84,Critical,99.93,1,9.8,1.0,1,1
CCTV-00250,Dahua,IPC-HFW2431T,V16.6.25,25.143.69.29,Critical,99.94,3,9.8,2.0,1,2
CCTV-00251,Hanwha,XND-6085V,V17.2.97,93.222.113.229,Critical,99.93,1,7.8,1.0,1,0
CCTV-00252,Vivotek,CC8370-HV,V23.0.53,114.111.67.92,Critical,82.24,1,9.9,1.0,1,1
CCTV-00253,CP Plus,CP-EAC-T24PL2,V19.1.2,190.0.36.99,Critical,99.93,1,9.8,1.0,1,1
CCTV-00254,Uniview,IPC532E-DL-IN,V18.4.54,168.20.187.94,Critical,99.92,2,9.1,1.5,1,2
CCTV-00255,Dahua,DHI-NVR4216-16P,V20.8.90,41.240.149.116,Critical,99.34,0,0.0,0.0,0,0
CCTV-00256,Vivotek,FE8182,V21.1.24,116.67.242.89,Critical,99.94,1,7.8,1.0,1,0
CCTV-00257,Axis,P3265-LVE,V20.0.37,88.87.133.59,Critical,99.92,2,9.8,1.0,2,1
CCTV-00258,Axis,Q1615-E,V25.0.18,18.162.176.38,High,81.17,1,7.8,1.0,1,0
CCTV-00259,CP Plus,CP-USC-TA13L2,V18.2.68,180.75.226.87,Critical,99.91,2,9.8,2.0,1,1
CCTV-00260,Uniview,IPC322LR3-VSPF40,V20.0.17,60.11.42.138,Critical,98.15,0,0.0,0.0,0,0
CCTV-00261,Hanwha,XND-6085V,V19.1.65,124.44.110.187,Critical,99.89,0,0.0,0.0,0,0
CCTV-00262,Axis,M3067-P,V21.4.20,32.3.209.164,Critical,99.89,1,6.5,3.0,0,0
CCTV-00263,CP Plus,CP-E24A,V16.7.90,173.241.63.168,Critical,99.91,4,9.8,1.75,2,3
CCTV-00264,Uniview,IPC6252SR-X5UG,V17.7.88,76.83.29.38,Critical,99.87,1,7.8,1.0,1,0
CCTV-00265,CP Plus,CP-USC-TA13L2,V22.2.45,90.154.138.176,Critical,99.71,2,9.8,2.0,1,1
CCTV-00266,Uniview,IPC532E-DL-IN,V15.9.45,39.213.235.235,Critical,99.86,0,0.0,0.0,0,0
CCTV-00267,Hikvision,DS-2CD2143G,V21.0.61,38.39.9.199,Critical,99.92,1,9.8,1.0,1,1
CCTV-00268,Axis,M3067-P,V15.1.4,47.142.178.91,Critical,99.92,2,9.1,1.5,1,1
CCTV-00269,Dahua,DHI-NVR4216-16P,V21.9.30,131.187.94.113,Critical,99.93,1,9.8,1.0,1,1
CCTV-00270,Uniview,IPC322LR3-VSPF40,V16.5.48,89.227.115.142,Critical,99.91,4,9.8,1.75,2,3
CCTV-00271,Axis,P1455-LE,V25.6.24,161.52.86.17,High,96.19,1,6.5,3.0,0,0
CCTV-00272,CP Plus,CP-EAC-T24PL2,V17.9.51,44.15.50.189,Critical,99.91,1,9.8,1.0,1,1
CCTV-00273,Hikvision,DS-2CD2143G,V18.0.22,14.16.220.226,Critical,99.93,2,9.8,2.0,1,1
CCTV-00274,Hikvision,DS-7616NI-Q2,V17.6.56,131.80.28.101,Critical,99.93,1,9.8,1.0,1,1
CCTV-00275,CP Plus,CP-USC-TA13L2,V19.6.78,115.179.28.170,Critical,99.91,1,6.5,3.0,0,0
CCTV-00276,Dahua,NVR4104HS,V16.4.75,156.199.165.147,Critical,99.95,2,9.8,1.0,2,2
CCTV-00277,Hikvision,DS-2CD2385G1,V15.3.43,67.47.48.152,Critical,99.94,2,9.8,1.5,1,2
CCTV-00278,CP Plus,CP-UVR-0401E1,V15.8.60,57.255.109.170,Critical,99.94,1,9.8,1.0,1,1
CCTV-00279,Hanwha,XND-6085V,V16.8.78,115.136.146.166,Critical,99.94,0,0.0,0.0,0,0
CCTV-00280,Dahua,NVR5208-8P,V20.3.51,20.248.10.15,Critical,99.91,2,9.8,1.0,2,1
CCTV-00281,Hanwha,QNO-8080R,V16.4.8,144.128.254.227,Critical,99.86,1,6.5,3.0,0,0
CCTV-00282,Hikvision,DS-2CD1023G,V19.5.42,38.162.216.122,Critical,99.87,0,0.0,0.0,0,0
CCTV-00283,Uniview,NVR304-32E-B,V24.2.46,12.201.130.78,High,90.97,1,7.8,1.0,1,0
CCTV-00284,Hikvision,DS-2CD1023G,V16.2.56,51.133.33.91,Critical,99.93,1,9.8,1.0,1,1
CCTV-00285,Axis,P3719-PLE,V20.8.94,38.80.127.133,Critical,99.86,1,6.5,3.0,0,0
CCTV-00286,Uniview,IPC672LR-AX4DUPK,V22.6.40,152.117.45.250,Critical,99.79,0,0.0,0.0,0,0
CCTV-00287,Axis,M3116-LVE,V16.2.6,58.136.147.192,Critical,99.86,1,6.5,3.0,0,0
CCTV-00288,Axis,M3067-P,V15.3.76,44.165.203.176,Critical,99.94,2,9.8,1.0,2,1
CCTV-00289,Dahua,IPC-HDBW2831R,V20.9.32,53.252.173.225,Critical,99.95,2,9.8,1.0,2,1
CCTV-00290,Axis,P3245-LVE,V15.8.55,135.77.225.14,Critical,99.95,2,9.8,1.0,2,1
CCTV-00291,Dahua,IPC-HDW1431S,V15.2.4,79.108.2.135,Critical,99.93,3,9.8,2.0,1,2
CCTV-00292,Hanwha,PNM-9084RQZ,V17.1.31,11.168.22.168,Critical,99.92,0,0.0,0.0,0,0
CCTV-00293,Vivotek,MD8563-EH,V17.9.16,51.198.206.73,Critical,99.9,1,9.8,1.0,1,1
CCTV-00294,Uniview,IPC672LR-AX4DUPK,V15.7.55,171.218.47.11,Critical,99.92,2,8.8,1.0,2,1
CCTV-00295,Vivotek,FE8182,V25.3.82,22.39.23.132,Low,95.49,0,0.0,0.0,0,0
CCTV-00296,Hikvision,DS-2CD2T85G1,V17.1.59,181.230.135.88,Critical,99.96,3,9.8,1.67,2,2
CCTV-00297,Hanwha,PNM-9084RQZ,V16.1.95,186.202.154.23,Critical,99.94,0,0.0,0.0,0,0
CCTV-00298,Dahua,IPC-HDW1431S,V15.1.2,52.78.227.247,Critical,99.9,2,9.8,1.5,1,2
CCTV-00299,Axis,P3265-LVE,V15.7.74,112.248.249.60,Critical,99.9,2,9.8,1.5,1,2
CCTV-00300,Uniview,IPC2124SR3-PF40,V18.6.73,185.173.239.34,Critical,99.91,3,9.8,1.33,2,2
CCTV-00301,CP Plus,CP-E24A,V24.5.60,14.183.133.92,Critical,99.61,2,9.9,1.0,2,1
CCTV-00302,Uniview,IPC672LR-AX4DUPK,V16.8.4,164.53.25.238,Critical,98.37,0,0.0,0.0,0,0
CCTV-00303,Axis,P3265-LVE,V24.1.13,35.78.186.86,High,95.64,1,6.5,3.0,0,0
CCTV-00304,Hanwha,PNM-9084RQZ,V15.3.56,119.211.209.230,Critical,99.92,1,7.8,1.0,1,0
CCTV-00305,Axis,F34,V21.5.3,24.151.214.103,Critical,99.85,1,6.5,3.0,0,0
CCTV-00306,Uniview,IPC6252SR-X5UG,V20.5.44,147.171.199.186,Critical,99.92,3,9.8,1.67,2,1
CCTV-00307,Uniview,IPC672LR-AX4DUPK,V18.8.36,41.24.63.115,Critical,99.95,3,9.8,1.67,2,2
CCTV-00308,CP Plus,CP-PLUS-16CH-DVR,V20.7.43,102.232.50.38,Critical,99.91,1,7.8,1.0,1,0
CCTV-00309,Uniview,IPC2328SBR3-DPZ,V21.1.11,51.73.65.125,Critical,99.93,2,9.8,2.0,1,1
CCTV-00310,Uniview,IPC672LR-AF60-B,V15.8.67,46.215.24.240,Critical,99.92,2,9.8,2.0,1,1
CCTV-00311,CP Plus,CP-UVR-0401E1,V16.7.0,48.166.45.205,Critical,99.95,1,9.8,1.0,1,1
CCTV-00312,Vivotek,ND9541P,V17.3.50,148.27.96.193,Critical,99.93,2,9.8,1.5,1,2
CCTV-00313,Axis,F34,V23.1.84,116.12.162.98,High,78.37,1,7.8,1.0,1,0
CCTV-00314,CP Plus,CP-UNC-DA41L3,V15.1.69,23.103.122.193,Critical,99.92,2,9.8,2.0,1,1
CCTV-00315,Vivotek,ND9541P,V16.8.96,114.228.42.217,Critical,99.85,1,6.5,3.0,0,0
CCTV-00316,Uniview,NVR304-32E-B,V21.2.47,74.194.179.216,Critical,99.69,0,0.0,0.0,0,0
CCTV-00317,Uniview,NVR304-32E-B,V19.8.36,191.231.139.63,Critical,99.93,1,9.8,1.0,1,1
CCTV-00318,Uniview,IPC532E-DL-IN,V17.7.76,181.227.63.91,Critical,99.95,1,9.8,1.0,1,1
CCTV-00319,Hanwha,PNF-9010R,V21.5.49,170.155.113.60,Critical,99.95,2,9.8,2.0,1,1
CCTV-00320,Axis,Q1615-E,V15.7.90,42.132.116.226,Critical,99.89,1,6.5,3.0,0,0
CCTV-00321,Vivotek,SD9364-EHL,V16.0.88,21.114.24.72,Critical,99.91,0,0.0,0.0,0,0
CCTV-00322,Axis,F34,V17.0.50,16.171.128.64,Critical,99.94,1,9.8,1.0,1,1
CCTV-00323,Hikvision,DS-2CD2385G1,V16.5.6,24.154.221.17,Critical,99.92,3,9.8,2.0,1,2
CCTV-00324,Hikvision,DS-2CD2043G,V18.4.48,162.34.99.232,Critical,99.91,4,9.8,1.5,3,2
CCTV-00325,Vivotek,CC8370-HV,V19.4.45,130.158.175.75,Critical,99.92,2,7.8,2.0,1,0
CCTV-00326,CP Plus,CP-UNC-TA21L3,V18.2.7,95.153.214.85,Critical,99.93,1,9.8,1.0,1,1
CCTV-00327,Dahua,IPC-HFW2431T,V17.0.63,102.5.37.92,Critical,99.89,2,9.8,2.0,1,1
CCTV-00328,Hikvision,DS-2CD2T85G1,V15.4.56,15.70.194.168,Critical,99.92,2,9.8,1.5,1,2
CCTV-00329,Hanwha,QNO-8080R,V17.3.39,21.96.150.203,Critical,99.89,1,6.5,3.0,0,0
CCTV-00330,Dahua,DHI-XVR1B04,V16.4.16,187.247.253.122,Critical,99.92,1,8.8,1.0,1,1
CCTV-00331,CP Plus,CP-PLUS-16CH-DVR,V17.9.83,20.238.172.110,Critical,99.95,3,9.8,2.0,1,2
CCTV-00332,Axis,P3265-LVE,V17.5.63,61.170.100.173,Critical,99.93,3,9.1,2.0,1,1
CCTV-00333,CP Plus,CP-UVR-0401E1,V16.4.24,48.203.116.59,Critical,99.91,1,9.8,1.0,1,1
CCTV-00334,Uniview,NVR304-32E-B,V18.8.75,12.255.181.87,Critical,99.91,1,9.1,2.0,0,1
CCTV-00335,Dahua,IPC-HDBW2831R,V17.6.97,110.32.197.49,Critical,99.92,3,9.8,1.67,2,2
CCTV-00336,Axis,M2026-LE,V17.7.81,24.188.5.44,Critical,99.85,1,7.8,1.0,1,0
CCTV-00337,CP Plus,CP-E24A,V17.1.16,80.103.3.254,Critical,99.95,1,9.8,1.0,1,1
CCTV-00338,Dahua,IPC-HFW5831E,V15.6.77,55.221.234.99,Critical,99.94,1,9.8,1.0,1,1
CCTV-00339,Uniview,IPC672LR-AX4DUPK,V20.1.50,93.209.230.43,Critical,99.91,0,0.0,0.0,0,0
CCTV-00340,CP Plus,CP-EAC-T24PL2,V18.7.3,122.71.241.211,Critical,99.94,2,9.8,1.5,1,2
CCTV-00341,CP Plus,CP-VAC-D20L2,V15.0.77,143.52.199.177,Critical,99.91,2,9.8,1.5,1,2
CCTV-00342,CP Plus,CP-USC-TA13L2,V15.0.6,52.22.212.132,Critical,99.91,2,9.8,1.5,1,2
CCTV-00343,Hikvision,DS-7608NI-I2,V16.3.79,21.34.111.106,Critical,99.94,2,9.8,1.0,2,2
CCTV-00344,CP Plus,CP-PLUS-16CH-DVR,V18.1.91,91.246.34.86,Critical,99.92,1,9.8,1.0,1,1
CCTV-00345,Hikvision,DS-2DE4A425IW,V23.7.48,105.255.151.52,Critical,99.55,2,9.9,1.0,2,2
CCTV-00346,Dahua,IPC-HDBW2831R,V16.0.30,73.113.195.134,Critical,99.89,2,9.1,1.5,1,2
CCTV-00347,CP Plus,CP-VAC-D20L2,V17.0.8,72.217.90.156,Critical,99.84,1,6.5,3.0,0,0
CCTV-00348,Dahua,NVR5208-8P,V16.7.81,86.78.89.66,Critical,99.94,2,9.8,2.0,1,1
CCTV-00349,Axis,P3265-LVE,V16.4.48,105.196.250.79,Critical,99.92,1,6.5,3.0,0,0
CCTV-00350,Uniview,IPC322LR3-VSPF40,V17.0.15,171.14.75.67,Critical,99.95,4,9.8,1.75,2,3
CCTV-00351,Vivotek,MD8563-EH,V24.2.32,118.84.218.65,Critical,96.45,1,9.8,1.0,1,1
CCTV-00352,Uniview,IPC6252SR-X5UG,V18.8.84,188.213.213.168,Critical,99.91,2,8.8,1.0,2,1
CCTV-00353,CP Plus,CP-E24A,V15.5.23,37.85.40.76,Critical,99.89,2,9.8,2.0,1,1
CCTV-00354,Hikvision,DS-7616NI-Q2,V15.1.43,106.136.248.122,Critical,99.91,2,9.8,2.0,1,1
CCTV-00355,Hanwha,XRN-2011,V19.5.47,45.13.62.223,Critical,99.85,1,6.5,3.0,0,0
CCTV-00356,Vivotek,SD9364-EHL,V24.3.47,166.41.178.110,High,84.8,1,6.5,3.0,0,0
CCTV-00357,Axis,M2026-LE,V20.4.77,124.59.246.170,Critical,99.89,2,9.8,2.0,1,1
CCTV-00358,Vivotek,IB8382-T,V16.2.96,135.46.170.224,Critical,99.61,0,0.0,0.0,0,0
CCTV-00359,Dahua,SD22204UE-GN,V20.9.8,104.65.160.245,Critical,99.95,3,9.8,1.67,2,1
CCTV-00360,Axis,P3719-PLE,V20.4.7,126.75.145.38,Critical,99.17,0,0.0,0.0,0,0
CCTV-00361,Uniview,IPC2124SR3-PF40,V19.4.64,67.26.91.220,Critical,99.88,0,0.0,0.0,0,0
CCTV-00362,Axis,M3067-P,V16.2.2,23.155.234.168,Critical,99.92,0,0.0,0.0,0,0
CCTV-00363,Dahua,SD22204UE-GN,V15.7.37,101.242.91.242,Critical,99.88,2,9.1,1.5,1,1
CCTV-00364,Hikvision,DS-2CD2143G,V25.5.75,181.45.237.222,Critical,99.64,2,9.8,2.0,1,1
CCTV-00365,Hanwha,PNF-9010R,V16.7.47,192.94.207.209,Critical,99.94,2,9.8,1.5,1,2
CCTV-00366,Uniview,IPC2124SR3-PF40,V17.8.67,51.44.131.218,Critical,99.91,3,9.8,1.33,2,3
CCTV-00367,Hanwha,XNP-6320H,V15.1.64,100.107.50.170,Critical,99.93,3,9.8,1.67,2,2
CCTV-00368,Hanwha,XNP-6320H,V16.3.18,187.73.104.19,Critical,99.96,3,9.8,1.33,2,3
CCTV-00369,Uniview,IPC6252SR-X5UG,V26.3.91,32.185.170.200,Critical,65.43,1,6.5,3.0,0,0
CCTV-00370,CP Plus,CP-VAC-D20L2,V22.3.35,189.144.138.156,Critical,99.83,1,9.8,1.0,1,1
CCTV-00371,Hikvision,DS-2CD2043G,V15.6.23,56.224.181.205,Critical,99.92,2,9.8,1.5,1,2
CCTV-00372,Axis,F34,V16.6.66,151.252.5.247,Critical,99.92,1,9.1,2.0,0,1
CCTV-00373,Axis,F34,V24.2.61,179.21.229.247,Low,96.16,0,0.0,0.0,0,0
CCTV-00374,Dahua,DHI-NVR4216-16P,V23.2.9,77.109.1.189,Critical,93.38,1,9.8,1.0,1,1
CCTV-00375,Uniview,IPC2328SBR3-DPZ,V16.4.82,145.78.210.32,Critical,99.91,3,9.8,1.33,2,2
CCTV-00376,Axis,M3045-V,V15.4.28,117.169.16.42,Critical,99.9,3,9.1,2.0,1,1
CCTV-00377,Uniview,NVR304-32E-B,V24.4.15,97.219.4.112,Critical,85.4,2,7.8,2.0,1,0
CCTV-00378,Axis,P1455-LE,V16.1.97,161.76.117.31,Critical,99.92,1,8.8,1.0,1,1
CCTV-00379,Dahua,IPC-HDBW2831R,V15.3.18,73.163.24.47,Critical,99.95,1,9.8,1.0,1,1
CCTV-00380,Hikvision,DS-2CD2043G,V15.5.27,160.190.121.167,Critical,99.95,1,9.8,1.0,1,1
CCTV-00381,CP Plus,CP-EAC-T24PL2,V19.1.13,117.129.177.230,Critical,99.95,3,9.8,1.0,3,2
CCTV-00382,CP Plus,CP-USC-TA13L2,V19.1.55,185.38.84.113,Critical,99.95,1,9.8,1.0,1,1
CCTV-00383,Hanwha,QNV-7080R,V17.6.51,173.75.142.238,Critical,98.67,0,0.0,0.0,0,0
CCTV-00384,Dahua,NVR5208-8P,V22.0.82,12.182.112.188,Critical,99.52,1,8.8,1.0,1,1
CCTV-00385,CP Plus,CP-VAC-D20L2,V16.0.68,132.47.253.47,Critical,99.95,2,9.8,1.0,2,1
CCTV-00386,Axis,P3245-LVE,V21.2.24,35.70.6.155,Critical,99.92,0,0.0,0.0,0,0
CCTV-00387,Hikvision,DS-7616NI-Q2,V17.1.1,61.71.245.195,Critical,99.92,1,9.8,1.0,1,1
CCTV-00388,Vivotek,MD8563-EH,V21.4.42,16.116.218.99,Critical,99.75,1,6.5,3.0,0,0
CCTV-00389,Dahua,DHI-XVR1B04,V19.3.87,55.219.171.154,Critical,99.95,1,9.8,1.0,1,1
CCTV-00390,Dahua,IPC-HDBW2831R,V15.4.79,119.142.74.24,Critical,99.91,2,9.8,1.5,1,2
CCTV-00391,CP Plus,CP-VAC-D20L2,V16.6.45,157.112.44.61,Critical,99.94,1,9.8,1.0,1,1
CCTV-00392,CP Plus,CP-UNC-TA21L3,V16.0.46,188.73.193.188,Critical,99.94,3,9.8,1.33,2,2
CCTV-00393,Hikvision,DS-7616NI-Q2,V17.1.84,86.240.210.185,Critical,99.94,2,9.8,1.5,1,2
CCTV-00394,CP Plus,CP-USC-TA13L2,V21.0.36,138.156.116.109,Critical,99.86,2,9.8,2.0,1,1
CCTV-00395,Dahua,NVR5208-8P,V25.8.48,107.84.27.206,Low,96.03,0,0.0,0.0,0,0
CCTV-00396,CP Plus,CP-E24A,V16.1.13,133.23.24.81,Critical,99.94,3,9.8,1.33,2,2
CCTV-00397,Hikvision,DS-2CD1623G,V15.5.96,160.19.148.42,Critical,99.92,2,9.8,2.0,1,1
CCTV-00398,Dahua,IPC-HFW5831E,V15.1.91,184.198.122.54,Critical,99.93,1,9.8,1.0,1,1
CCTV-00399,Vivotek,ND9541P,V15.2.72,76.242.131.196,Critical,99.9,1,9.1,2.0,0,1
CCTV-00400,Axis,P3245-LVE,V24.9.62,184.21.29.190,Critical,99.45,1,9.8,1.0,1,1
CCTV-00401,Hanwha,XNV-8082R,V20.8.1,129.55.43.47,Critical,99.89,1,9.8,1.0,1,1
CCTV-00402,Uniview,IPC322LR3-VSPF40,V23.6.98,107.31.185.203,High,94.31,1,7.8,1.0,1,0
CCTV-00403,Axis,P3265-LVE,V16.3.2,33.219.175.247,Critical,99.9,2,8.8,2.0,1,1
CCTV-00404,Hanwha,QND-7082R,V15.5.53,91.7.77.230,Critical,99.9,0,0.0,0.0,0,0
CCTV-00405,Axis,P3245-LVE,V18.5.14,183.7.189.209,Critical,99.9,4,9.1,1.75,2,2
CCTV-00406,CP Plus,CP-UNC-TA21L3,V16.4.64,184.223.145.180,Critical,99.91,2,9.1,2.5,0,1
CCTV-00407,Vivotek,FD9389-EHTV,V26.1.11,130.63.179.248,Low,96.43,0,0.0,0.0,0,0
CCTV-00408,Hanwha,XND-6085V,V17.6.0,120.123.200.50,Critical,99.88,1,8.8,1.0,1,1
CCTV-00409,Vivotek,IP8160-W,V21.9.54,76.81.165.53,Critical,99.95,1,9.8,1.0,1,1
CCTV-00410,Hikvision,DS-2CD2143G,V15.0.80,59.125.193.198,Critical,99.95,2,9.8,1.0,2,1
CCTV-00411,CP Plus,CP-UNC-TA21L3,V16.2.80,115.37.249.246,Critical,99.94,3,9.8,1.33,2,3
CCTV-00412,Uniview,IPC322LR3-VSPF40,V16.6.48,165.15.11.133,Critical,99.92,3,8.8,1.67,2,1
CCTV-00413,Vivotek,CC8370-HV,V16.5.14,112.98.128.45,Critical,97.89,0,0.0,0.0,0,0
CCTV-00414,Dahua,NVR5208-8P,V24.1.74,125.85.17.246,Low,95.49,0,0.0,0.0,0,0
CCTV-00415,Vivotek,SD9364-EHL,V19.4.77,41.4.163.177,Critical,99.94,0,0.0,0.0,0,0
CCTV-00416,Hikvision,DS-7608NI-I2,V16.9.41,22.252.255.12,Critical,99.92,3,9.8,1.67,2,1
CCTV-00417,CP Plus,CP-E24A,V15.7.21,27.240.48.213,Critical,99.9,3,9.8,2.0,1,2
CCTV-00418,Hanwha,PNF-9010R,V20.4.40,12.71.53.83,Critical,99.9,2,7.8,2.0,1,0
CCTV-00419,Hanwha,PNF-9010R,V16.1.24,127.61.64.82,Critical,99.94,2,9.1,1.5,1,2
CCTV-00420,Hanwha,PNM-9084RQZ,V20.6.81,62.39.38.249,Critical,99.84,1,6.5,3.0,0,0
CCTV-00421,Axis,M3045-V,V16.3.59,141.103.204.49,Critical,99.19,0,0.0,0.0,0,0
CCTV-00422,Hikvision,DS-2CD1623G,V17.4.73,48.203.220.131,Critical,99.94,2,9.8,1.5,1,2
CCTV-00423,CP Plus,CP-UNC-TA21L3,V17.5.12,19.136.122.17,Critical,99.93,3,9.8,1.33,2,2
CCTV-00424,Vivotek,FD9389-EHTV,V16.9.89,189.244.156.219,Critical,97.68,0,0.0,0.0,0,0
CCTV-00425,Uniview,NVR304-32E-B,V15.1.21,73.241.56.12,Critical,99.95,1,9.8,1.0,1,1
CCTV-00426,Hanwha,XNP-6320H,V18.4.29,87.170.247.29,Critical,98.6,0,0.0,0.0,0,0
CCTV-00427,CP Plus,CP-DGC-D13L2,V20.0.18,125.89.135.234,Critical,99.92,1,6.5,3.0,0,0
CCTV-00428,Uniview,IPC532E-DL-IN,V22.6.75,129.76.148.160,Critical,99.91,1,9.8,1.0,1,1
CCTV-00429,Vivotek,CC8370-HV,V16.4.8,153.79.44.183,Critical,99.28,0,0.0,0.0,0,0
CCTV-00430,CP Plus,CP-VAC-D20L2,V26.3.55,158.71.102.65,Low,49.69,0,0.0,0.0,0,0
CCTV-00431,Dahua,IPC-HDBW2831R,V18.4.39,117.45.71.158,Critical,99.94,2,9.8,1.0,2,2
CCTV-00432,CP Plus,CP-EAC-T24PL2,V18.5.16,133.169.31.32,Critical,99.95,3,9.8,1.33,2,3
CCTV-00433,Uniview,IPC2124SR3-PF40,V20.8.18,36.242.12.214,Critical,99.93,1,8.8,1.0,1,1
CCTV-00434,Vivotek,MD8563-EH,V17.1.38,84.148.51.246,Critical,99.95,1,9.8,1.0,1,1
CCTV-00435,Vivotek,MD8563-EH,V17.4.50,127.141.4.252,Critical,99.92,2,9.8,2.0,1,1
CCTV-00436,Dahua,DHI-XVR1B04,V18.8.26,133.192.241.156,Critical,99.9,3,9.8,2.0,1,2
CCTV-00437,Uniview,IPC672LR-AX4DUPK,V18.8.99,70.53.89.187,Critical,99.92,1,9.1,2.0,0,1
CCTV-00438,Axis,M3067-P,V23.0.78,135.224.146.58,High,94.41,1,6.5,3.0,0,0
CCTV-00439,Dahua,IPC-HDW1431S,V17.8.24,131.180.182.159,Critical,99.94,1,9.8,1.0,1,1
CCTV-00440,Vivotek,CC8370-HV,V21.7.54,50.147.38.137,Critical,99.83,2,8.8,2.0,1,1
CCTV-00441,Vivotek,IB8382-T,V22.9.64,94.31.120.127,Critical,98.68,1,6.5,3.0,0,0
CCTV-00442,Hikvision,DS-2DE4A425IW,V23.0.44,68.10.28.7,Low,91.14,0,0.0,0.0,0,0
CCTV-00443,Hanwha,XNV-8082R,V18.6.87,70.118.47.151,Critical,99.87,1,6.5,3.0,0,0
CCTV-00444,Hikvision,DS-2CD1023G,V17.8.72,178.39.39.65,Critical,99.92,3,9.8,1.33,2,3
CCTV-00445,Vivotek,IB8382-T,V18.5.28,143.118.156.190,Critical,99.93,3,9.1,2.0,1,1
CCTV-00446,Vivotek,IB8382-T,V15.2.4,107.196.227.12,Critical,99.87,0,0.0,0.0,0,0
CCTV-00447,Dahua,NVR4104HS,V17.6.68,121.218.29.207,Critical,99.92,1,9.8,1.0,1,1
CCTV-00448,Hikvision,DS-2CD2T85G1,V17.4.68,96.202.19.158,Critical,99.92,2,9.8,1.5,1,2
CCTV-00449,CP Plus,CP-VCG-SD10L2,V16.4.83,166.160.32.113,Critical,99.93,1,9.1,2.0,0,1
CCTV-00450,Dahua,NVR5208-8P,V20.4.33,25.132.131.5,Critical,99.85,1,6.5,3.0,0,0
CCTV-00451,Uniview,IPC532E-DL-IN,V18.0.76,102.171.208.230,Critical,99.93,2,9.8,1.5,1,2
CCTV-00452,Uniview,IPC532E-DL-IN,V18.4.79,178.76.195.196,Critical,99.94,2,9.8,2.0,1,1
CCTV-00453,Uniview,IPC322LR3-VSPF40,V24.3.72,102.118.233.81,Low,57.71,0,0.0,0.0,0,0
CCTV-00454,Uniview,IPC322LR3-VSPF40,V20.7.93,114.70.133.204,Critical,99.88,1,7.8,1.0,1,0
CCTV-00455,CP Plus,CP-VCG-SD10L2,V16.1.52,186.85.37.34,Critical,99.95,3,9.8,1.33,2,3
CCTV-00456,Vivotek,IZ9361-EH,V23.6.45,121.148.244.180,Critical,97.28,1,9.8,1.0,1,1
CCTV-00457,Dahua,IPC-HDW1431S,V20.9.65,119.146.165.99,Critical,99.96,2,9.8,2.0,1,1
CCTV-00458,CP Plus,CP-VAC-D20L2,V24.0.94,37.118.142.37,Low,95.17,0,0.0,0.0,0,0
CCTV-00459,Hikvision,DS-2CD1023G,V18.8.96,190.61.227.228,Critical,99.95,3,9.8,1.0,3,2
CCTV-00460,Axis,P3265-LVE,V16.2.35,19.221.51.239,Critical,99.89,2,9.1,2.5,0,1
CCTV-00461,Uniview,IPC532E-DL-IN,V16.8.84,142.109.1.112,Critical,99.94,2,9.1,1.5,1,2
CCTV-00462,Hikvision,DS-2CD2385G1,V18.3.90,149.246.151.25,Critical,99.93,2,9.8,2.0,1,1
CCTV-00463,Dahua,IPC-HFW2431T,V24.4.53,78.110.209.16,High,87.51,1,9.9,1.0,1,1
CCTV-00464,Vivotek,FE8182,V16.5.52,38.168.66.155,Critical,99.93,2,9.8,2.0,1,1
CCTV-00465,Vivotek,IB9389-EHT,V24.0.48,105.169.211.56,Critical,99.63,2,9.8,2.0,1,1
CCTV-00466,Vivotek,IB8382-T,V24.0.2,112.67.138.221,Low,91.89,0,0.0,0.0,0,0
CCTV-00467,Hikvision,DS-2CD2143G,V15.6.2,153.142.247.73,Critical,99.95,3,9.8,1.33,2,3
CCTV-00468,Uniview,NVR304-32E-B,V17.7.93,34.86.106.222,Critical,99.96,1,9.8,1.0,1,1
CCTV-00469,Axis,P3719-PLE,V16.2.51,63.250.255.81,Critical,99.95,0,0.0,0.0,0,0
CCTV-00470,Uniview,NVR304-32E-B,V16.7.65,144.249.71.192,Critical,99.96,2,9.8,1.0,2,2
CCTV-00471,Hanwha,QNV-7080R,V17.0.37,44.84.242.3,Critical,99.94,2,9.8,1.5,1,2
CCTV-00472,CP Plus,CP-E24A,V16.7.8,59.140.145.211,Critical,99.94,1,7.8,1.0,1,0
CCTV-00473,Hanwha,PNF-9010R,V19.4.47,108.169.141.248,Critical,99.9,1,6.5,3.0,0,0
CCTV-00474,Hanwha,XND-6085V,V16.0.29,40.123.201.97,Critical,99.92,0,0.0,0.0,0,0
CCTV-00475,Hanwha,PNF-9010R,V20.5.39,74.61.222.167,Critical,98.03,0,0.0,0.0,0,0
CCTV-00476,CP Plus,CP-VAC-D20L2,V15.5.59,34.188.129.129,Critical,99.92,2,9.8,2.0,1,1
CCTV-00477,Hikvision,DS-2DE4A425IW,V16.4.82,175.53.19.95,Critical,99.91,1,9.8,1.0,1,1
CCTV-00478,Hikvision,DS-2DE4A425IW,V23.2.90,95.162.86.232,Low,96.94,0,0.0,0.0,0,0
CCTV-00479,Vivotek,FE8182,V18.6.53,80.179.60.88,Critical,99.92,1,7.8,1.0,1,0
CCTV-00480,Axis,P3719-PLE,V21.1.72,127.41.126.79,Critical,99.84,0,0.0,0.0,0,0
CCTV-00481,Hanwha,XNV-8082R,V20.2.39,99.230.87.10,Critical,99.93,1,9.8,1.0,1,1
CCTV-00482,Hanwha,PNF-9010R,V15.9.26,131.71.239.151,Critical,99.9,0,0.0,0.0,0,0
CCTV-00483,CP Plus,CP-VCG-SD10L2,V18.9.4,167.233.222.188,Critical,99.93,4,9.8,1.75,2,2
CCTV-00484,Axis,P3265-LVE,V21.4.92,52.153.101.244,Critical,99.86,1,6.5,3.0,0,0
CCTV-00485,Vivotek,CC8370-HV,V15.5.6,49.191.2.123,Critical,99.93,0,0.0,0.0,0,0
CCTV-00486,Dahua,DHI-XVR1B04,V15.8.87,98.250.13.57,Critical,99.91,2,9.8,2.0,1,1
CCTV-00487,Vivotek,CC8370-HV,V20.5.46,133.17.133.246,Critical,99.95,3,9.8,1.67,2,2
CCTV-00488,Axis,P3245-LVE,V15.8.13,172.59.230.129,Critical,99.87,1,9.1,2.0,0,1
CCTV-00489,CP Plus,CP-USC-TA13L2,V20.8.46,20.62.250.118,Critical,99.87,2,9.8,2.0,1,1
CCTV-00490,CP Plus,CP-UNC-TA21L3,V23.5.32,54.43.48.33,Critical,99.81,2,9.8,2.0,1,1
CCTV-00491,Uniview,IPC672LR-AX4DUPK,V19.6.35,30.172.154.109,Critical,99.94,1,9.8,1.0,1,1
CCTV-00492,Axis,M3045-V,V16.4.92,121.140.95.71,Critical,99.87,0,0.0,0.0,0,0
CCTV-00493,Vivotek,IB9389-EHT,V19.2.86,192.235.215.163,Critical,99.89,2,9.8,2.0,1,1
CCTV-00494,Vivotek,FE8182,V18.7.71,63.189.155.75,Critical,99.95,2,9.8,2.0,1,1
CCTV-00495,Hanwha,XRN-2011,V17.7.3,156.148.91.222,Critical,99.93,2,9.8,1.5,1,2
CCTV-00496,Dahua,IPC-HDBW2831R,V18.5.96,95.237.88.175,Critical,99.91,4,9.8,1.75,2,3
CCTV-00497,Hikvision,DS-7616NI-Q2,V18.6.53,163.199.98.218,Critical,99.93,2,9.8,1.0,2,2
CCTV-00498,Dahua,IPC-HFW5831E,V17.3.22,164.169.81.63,Critical,99.95,3,9.8,1.67,2,1
CCTV-00499,Axis,M2026-LE,V15.0.87,25.149.203.213,Critical,99.9,0,0.0,0.0,0,0
CCTV-00500,Hanwha,XNP-6320H,V17.8.80,191.251.125.194,Critical,99.91,1,7.8,1.0,1,0
CCTV-00501,CP Plus,CP-VCG-SD10L2,V16.7.42,49.65.75.156,Critical,99.88,0,0.0,0.0,0,0
CCTV-00502,CP Plus,CP-E24A,V16.3.3,53.246.89.124,Critical,99.91,0,0.0,0.0,0,0
CCTV-00503,Axis,M3045-V,V19.1.43,103.16.204.161,Critical,99.93,2,9.8,2.0,1,1
CCTV-00504,Hikvision,DS-7608NI-I2,V18.4.70,78.142.46.191,Critical,99.89,1,8.8,1.0,1,1
CCTV-00505,Dahua,IPC-HFW2431T,V23.2.66,65.249.153.146,Critical,94.69,1,9.8,1.0,1,1
CCTV-00506,Hikvision,DS-2DE4A425IW,V17.1.92,89.225.57.251,Critical,99.89,3,9.1,2.0,1,2
CCTV-00507,Hanwha,PNM-9084RQZ,V18.5.65,145.241.52.176,Critical,98.06,0,0.0,0.0,0,0
CCTV-00508,CP Plus,CP-PLUS-16CH-DVR,V16.2.41,90.230.157.109,Critical,99.93,1,9.8,1.0,1,1
CCTV-00509,Vivotek,IP8160-W,V20.0.97,119.195.166.143,Critical,99.85,2,7.8,2.0,1,0
CCTV-00510,Vivotek,IB8382-T,V21.9.64,165.192.30.26,Critical,94.33,0,0.0,0.0,0,0
CCTV-00511,Hikvision,DS-7608NI-I2,V16.5.56,45.34.160.246,Critical,99.48,0,0.0,0.0,0,0
CCTV-00512,Hanwha,XRN-2011,V23.7.95,25.191.8.145,Medium,62.29,0,0.0,0.0,0,0
CCTV-00513,Axis,M3045-V,V24.5.68,120.141.238.116,Medium,72.92,0,0.0,0.0,0,0
CCTV-00514,Uniview,IPC672LR-AX4DUPK,V19.1.23,93.234.102.198,Critical,99.93,0,0.0,0.0,0,0
CCTV-00515,Hanwha,XRN-2011,V23.9.19,65.181.13.36,Critical,99.31,1,9.8,1.0,1,1
CCTV-00516,Axis,M2026-LE,V21.6.3,63.61.250.190,Critical,99.9,2,7.8,2.0,1,0
CCTV-00517,Vivotek,FE8182,V20.5.53,176.153.117.180,Critical,99.94,4,9.8,1.5,3,2
CCTV-00518,Hikvision,DS-7616NI-Q2,V22.0.35,105.212.80.108,Critical,99.45,0,0.0,0.0,0,0
CCTV-00519,Dahua,IPC-HDW1431S,V24.2.94,18.73.208.12,Low,76.81,0,0.0,0.0,0,0
CCTV-00520,Vivotek,IP8160-W,V20.8.21,75.65.165.169,Critical,99.92,1,9.8,1.0,1,1
CCTV-00521,Vivotek,FE8182,V24.1.61,178.154.168.182,Low,96.7,0,0.0,0.0,0,0
CCTV-00522,Axis,P3719-PLE,V18.9.34,133.176.96.161,Critical,99.86,1,6.5,3.0,0,0
CCTV-00523,Hanwha,PNF-9010R,V17.3.58,103.218.13.247,Critical,99.92,1,7.8,1.0,1,0
CCTV-00524,Vivotek,CC8370-HV,V15.7.14,14.101.181.135,Critical,99.93,2,9.8,1.0,2,2
CCTV-00525,Vivotek,CC8370-HV,V18.8.67,22.205.151.100,Critical,99.92,2,9.8,1.0,2,1
CCTV-00526,Vivotek,IP8160-W,V23.7.41,117.200.99.64,Critical,99.27,1,9.8,1.0,1,1
CCTV-00527,Hanwha,XRN-2011,V15.4.17,130.118.224.77,Critical,99.93,1,9.1,2.0,0,1
CCTV-00528,Hanwha,QNO-8080R,V18.9.58,164.185.123.223,Critical,99.94,3,9.8,1.33,2,3
CCTV-00529,Hanwha,XND-6085V,V21.6.53,136.113.222.171,Critical,99.86,2,9.8,2.0,1,1
CCTV-00530,CP Plus,CP-UNC-DA41L3,V26.7.71,175.225.235.147,High,69.45,1,9.9,1.0,1,1
CCTV-00531,Hanwha,QNV-7080R,V15.6.80,184.176.180.250,Critical,99.86,1,9.1,2.0,0,1
CCTV-00532,Dahua,NVR5208-8P,V17.0.41,68.162.156.26,Critical,99.93,2,9.8,2.0,1,1
CCTV-00533,Uniview,IPC322LR3-VSPF40,V19.5.79,139.151.91.102,Critical,99.95,2,9.8,2.0,1,1
CCTV-00534,Vivotek,FD9389-EHTV,V16.1.91,20.125.79.171,Critical,99.92,3,8.8,1.67,2,1
CCTV-00535,CP Plus,CP-UNC-TA21L3,V18.3.31,112.198.133.181,Critical,99.88,0,0.0,0.0,0,0
CCTV-00536,Hanwha,XRN-2011,V21.4.55,139.243.160.27,Critical,99.89,0,0.0,0.0,0,0
CCTV-00537,Hanwha,XNV-8082R,V20.8.28,184.181.33.245,Critical,99.95,1,7.8,1.0,1,0
CCTV-00538,Uniview,IPC6252SR-X5UG,V18.0.91,184.161.3.249,Critical,99.91,1,9.1,2.0,0,1
CCTV-00539,Vivotek,IB9389-EHT,V20.5.75,40.169.45.25,Critical,99.93,2,9.8,2.0,1,1
CCTV-00540,Axis,P3719-PLE,V20.6.52,175.41.173.116,Critical,99.85,0,0.0,0.0,0,0
CCTV-00541,Hanwha,QNO-8080R,V18.0.77,56.111.176.25,Critical,99.94,2,9.8,1.0,2,2
CCTV-00542,Hanwha,PNM-9084RQZ,V19.9.22,99.92.85.231,Critical,99.92,1,8.8,1.0,1,1
CCTV-00543,Hikvision,DS-2CD2385G1,V16.2.78,178.50.46.170,Critical,99.92,1,9.1,2.0,0,1
CCTV-00544,Uniview,IPC532E-DL-IN,V23.9.73,36.164.247.157,Critical,98.79,2,9.9,2.0,1,1
CCTV-00545,Axis,P1455-LE,V18.4.98,185.222.91.131,Critical,99.9,0,0.0,0.0,0,0
CCTV-00546,CP Plus,CP-UNC-TA21L3,V23.1.58,94.90.199.212,High,54.02,1,6.5,3.0,0,0
CCTV-00547,Dahua,DHI-XVR1B04,V23.6.5,187.202.21.179,Critical,99.38,2,9.9,1.0,2,2
CCTV-00548,Hanwha,XND-6085V,V15.3.9,155.133.55.195,Critical,99.9,1,9.1,2.0,0,1
CCTV-00549,Hikvision,DS-7616NI-Q2,V21.3.11,104.224.73.114,Critical,99.91,1,9.8,1.0,1,1
CCTV-00550,Vivotek,IB9389-EHT,V19.8.98,84.32.115.48,Critical,99.87,1,8.8,1.0,1,1
CCTV-00551,Uniview,NVR304-32E-B,V17.7.3,69.3.195.1,Critical,99.81,3,9.1,2.0,1,1
CCTV-00552,Vivotek,IB9389-EHT,V21.9.15,166.128.176.251,Critical,98.17,0,0.0,0.0,0,0
CCTV-00553,Uniview,IPC672LR-AF60-B,V18.2.58,148.116.205.33,Critical,99.93,1,9.8,1.0,1,1
CCTV-00554,Hanwha,XRN-2011,V16.6.53,168.186.237.141,Critical,99.86,1,6.5,3.0,0,0
CCTV-00555,Hanwha,PNF-9010R,V17.4.27,108.88.139.252,Critical,99.92,0,0.0,0.0,0,0
CCTV-00556,Uniview,IPC672LR-AX4DUPK,V19.9.25,101.103.77.246,Critical,99.91,3,9.8,1.67,2,1
CCTV-00557,Dahua,NVR5208-8P,V22.5.79,151.240.143.177,Critical,99.78,0,0.0,0.0,0,0
CCTV-00558,Hanwha,XNV-8082R,V25.2.56,96.43.189.18,Critical,99.51,2,9.8,2.0,1,1
CCTV-00559,Dahua,IPC-HDW1431S,V19.6.19,16.250.163.232,Critical,99.92,1,9.8,1.0,1,1
CCTV-00560,Dahua,IPC-HFW1230S,V19.4.33,130.194.198.10,Critical,99.91,1,9.8,1.0,1,1
CCTV-00561,Uniview,IPC6252SR-X5UG,V20.5.46,39.11.65.207,Critical,99.92,1,6.5,3.0,0,0
CCTV-00562,Hanwha,QNO-8080R,V16.2.47,94.54.62.15,Critical,99.95,2,9.8,2.0,1,1
CCTV-00563,Uniview,IPC672LR-AX4DUPK,V16.1.23,183.31.226.48,Critical,99.92,3,9.8,1.33,2,3
CCTV-00564,Vivotek,IB9389-EHT,V15.3.33,119.128.176.189,Critical,99.93,2,9.8,1.0,2,2
CCTV-00565,Dahua,DHI-NVR4216-16P,V15.4.36,188.33.134.187,Critical,99.89,1,9.8,1.0,1,1
CCTV-00566,Hanwha,XRN-2011,V17.7.47,128.231.78.37,Critical,99.93,1,6.5,3.0,0,0
CCTV-00567,Uniview,IPC2328SBR3-DPZ,V17.0.17,87.142.116.49,Critical,99.88,1,9.1,2.0,0,1
CCTV-00568,Axis,P3719-PLE,V20.6.55,116.251.6.245,Critical,99.86,0,0.0,0.0,0,0
CCTV-00569,CP Plus,CP-VAC-D20L2,V17.4.87,131.143.174.148,Critical,99.93,1,9.8,1.0,1,1
CCTV-00570,Hanwha,XRN-2011,V20.2.41,30.251.236.155,Critical,99.88,0,0.0,0.0,0,0
CCTV-00571,Uniview,IPC6252SR-X5UG,V15.6.99,164.102.96.246,Critical,99.95,3,9.8,1.33,2,3
CCTV-00572,Vivotek,ND9541P,V15.0.94,170.195.80.153,Critical,99.88,1,7.8,1.0,1,0
CCTV-00573,Axis,Q1615-E,V15.4.58,92.202.91.84,Critical,99.95,3,9.8,1.67,2,2
CCTV-00574,Vivotek,IB9389-EHT,V19.5.72,96.41.211.88,Critical,99.89,0,0.0,0.0,0,0
CCTV-00575,Hanwha,QNO-8080R,V18.8.7,20.112.119.244,Critical,99.94,1,6.5,3.0,0,0
CCTV-00576,Dahua,IPC-HDW1431S,V18.5.49,52.203.108.39,Critical,99.95,2,9.8,1.0,2,2
CCTV-00577,Vivotek,IB9389-EHT,V23.9.36,141.207.104.48,Critical,96.04,1,9.8,1.0,1,1
CCTV-00578,Hikvision,DS-2CD2043G,V17.1.95,56.170.105.128,Critical,99.88,2,9.1,1.5,1,1
CCTV-00579,Uniview,IPC2328SBR3-DPZ,V20.7.50,87.227.195.187,Critical,99.87,1,6.5,3.0,0,0
CCTV-00580,Vivotek,CC8370-HV,V15.5.27,131.89.7.29,Critical,99.91,0,0.0,0.0,0,0
CCTV-00581,Hikvision,DS-2CD1023G,V17.9.88,178.32.143.182,Critical,99.95,2,9.8,1.5,1,2
CCTV-00582,CP Plus,CP-USC-TA13L2,V16.4.3,149.83.191.169,Critical,99.92,4,9.8,1.75,2,3
CCTV-00583,CP Plus,CP-DGC-D13L2,V18.5.94,148.84.21.88,Critical,99.93,1,9.8,1.0,1,1
CCTV-00584,Vivotek,CC8370-HV,V19.8.80,11.130.84.190,Critical,99.89,0,0.0,0.0,0,0
CCTV-00585,Dahua,DHI-XVR1B04,V18.5.93,37.253.73.235,Critical,99.92,0,0.0,0.0,0,0
CCTV-00586,Hikvision,DS-2CD1623G,V16.6.38,113.5.153.88,Critical,99.94,1,9.8,1.0,1,1
CCTV-00587,Axis,Q1615-E,V16.6.79,99.251.13.98,Critical,99.93,0,0.0,0.0,0,0
CCTV-00588,Hikvision,DS-2CD2385G1,V20.1.60,115.48.5.176,Critical,99.93,1,9.8,1.0,1,1
CCTV-00589,Dahua,SD22204UE-GN,V22.0.64,29.101.246.125,Critical,99.84,3,9.8,1.67,2,1
CCTV-00590,Dahua,IPC-HFW1230S,V17.2.98,15.188.54.108,Critical,99.94,2,9.8,2.0,1,1
CCTV-00591,Axis,M3045-V,V16.8.89,105.134.244.18,Critical,99.86,1,6.5,3.0,0,0
CCTV-00592,Hanwha,PNM-9084RQZ,V19.1.71,72.245.109.49,Critical,99.93,3,9.8,1.67,2,1
CCTV-00593,Uniview,IPC672LR-AF60-B,V18.3.12,102.115.134.105,Critical,99.96,2,9.8,1.5,1,2
CCTV-00594,Hikvision,DS-7616NI-Q2,V15.5.99,29.221.15.107,Critical,99.95,1,9.8,1.0,1,1
CCTV-00595,Hikvision,DS-2CD2T85G1,V15.2.98,156.70.240.87,Critical,99.94,2,9.8,2.0,1,1
CCTV-00596,Hikvision,DS-2CD2385G1,V25.8.66,163.217.96.197,Medium,71.74,0,0.0,0.0,0,0
CCTV-00597,Vivotek,CC8370-HV,V21.4.24,137.191.125.101,Critical,99.87,1,6.5,3.0,0,0
CCTV-00598,Axis,P1455-LE,V24.7.68,60.136.26.252,Low,93.96,0,0.0,0.0,0,0
CCTV-00599,Axis,P3265-LVE,V19.7.55,155.30.5.29,Critical,99.92,1,6.5,3.0,0,0
CCTV-00600,CP Plus,CP-PLUS-16CH-DVR,V20.4.55,51.46.138.208,Critical,99.88,2,9.8,2.0,1,1
CCTV-00601,Axis,M2026-LE,V15.6.28,123.76.196.218,Critical,99.93,3,9.8,1.33,2,3
CCTV-00602,Vivotek,IP8160-W,V15.4.26,65.160.180.104,Critical,99.89,0,0.0,0.0,0,0
CCTV-00603,CP Plus,CP-EAC-T24PL2,V20.3.48,124.217.45.112,Critical,99.91,1,9.8,1.0,1,1
CCTV-00604,CP Plus,CP-VCG-SD10L2,V16.5.33,125.76.150.37,Critical,99.92,2,9.8,1.5,1,2
CCTV-00605,Hanwha,PNF-9010R,V16.2.29,78.91.63.200,Critical,99.86,1,9.1,2.0,0,1
CCTV-00606,Axis,F34,V20.2.19,104.142.236.63,Critical,99.88,1,6.5,3.0,0,0
CCTV-00607,Axis,P3245-LVE,V20.3.20,175.181.207.193,Critical,99.44,0,0.0,0.0,0,0
CCTV-00608,CP Plus,CP-DGC-D13L2,V24.2.64,47.230.71.167,Low,95.8,0,0.0,0.0,0,0
CCTV-00609,Hanwha,QND-7082R,V17.2.2,177.221.39.154,Critical,99.84,2,9.1,2.5,0,1
CCTV-00610,CP Plus,CP-VCG-SD10L2,V21.8.61,16.229.206.86,Critical,99.95,2,9.8,1.0,2,2
CCTV-00611,Hanwha,XND-6085V,V17.5.36,172.136.73.37,Critical,99.92,0,0.0,0.0,0,0
CCTV-00612,Hanwha,XNV-8082R,V15.6.35,26.83.19.68,Critical,99.89,2,7.8,2.0,1,0
CCTV-00613,Uniview,IPC672LR-AF60-B,V21.3.59,93.79.142.207,Critical,99.8,1,6.5,3.0,0,0
CCTV-00614,Vivotek,IB8382-T,V16.0.55,148.185.211.191,Critical,99.88,2,9.1,1.5,1,1
CCTV-00615,Axis,M3067-P,V18.4.10,111.109.207.111,Critical,99.91,1,9.8,1.0,1,1
CCTV-00616,Hanwha,XNV-8082R,V16.9.21,48.26.1.121,Critical,99.92,1,9.8,1.0,1,1
CCTV-00617,Dahua,IPC-HFW1230S,V15.5.86,135.55.136.152,Critical,99.94,4,9.8,1.75,2,3
CCTV-00618,CP Plus,CP-PLUS-16CH-DVR,V21.1.78,101.156.150.168,Critical,99.89,2,9.8,2.0,1,1
CCTV-00619,Uniview,IPC2328SBR3-DPZ,V17.3.39,91.122.246.112,Critical,99.88,2,9.1,2.5,0,1
CCTV-00620,Axis,M2026-LE,V23.8.93,128.203.165.116,Low,96.3,0,0.0,0.0,0,0
CCTV-00621,Dahua,DHI-XVR1B04,V20.6.84,61.92.213.10,Critical,99.92,2,9.8,2.0,1,1
CCTV-00622,Hanwha,XNP-6320H,V19.5.78,166.100.222.198,Critical,99.88,1,6.5,3.0,0,0
CCTV-00623,Uniview,IPC2124SR3-PF40,V17.9.70,161.114.230.68,Critical,99.94,3,9.8,1.67,2,2
CCTV-00624,CP Plus,CP-UNC-TA21L3,V21.9.32,14.156.26.128,Critical,99.87,1,9.8,1.0,1,1
CCTV-00625,Vivotek,IB8382-T,V18.8.36,84.131.212.42,Critical,99.92,1,7.8,1.0,1,0
CCTV-00626,Axis,M3116-LVE,V20.5.12,39.231.172.32,Critical,99.88,0,0.0,0.0,0,0
CCTV-00627,Vivotek,IZ9361-EH,V18.1.61,143.99.245.254,Critical,99.85,1,9.1,2.0,0,1
CCTV-00628,Hanwha,XRN-2011,V15.6.96,127.198.164.165,Critical,99.88,0,0.0,0.0,0,0
CCTV-00629,CP Plus,CP-EAC-T24PL2,V23.0.57,44.242.253.142,Critical,99.23,2,9.9,1.0,2,2
CCTV-00630,Vivotek,FE8182,V15.0.81,145.186.38.128,Critical,99.94,1,9.8,1.0,1,1
CCTV-00631,CP Plus,CP-UVR-0401E1,V17.0.36,89.40.152.233,Critical,99.95,3,9.8,1.0,3,2
CCTV-00632,Vivotek,SD9364-EHL,V15.6.96,77.81.126.21,Critical,99.87,0,0.0,0.0,0,0
CCTV-00633,CP Plus,CP-VAC-D20L2,V16.9.89,109.98.149.89,Critical,99.88,1,9.1,2.0,0,1
CCTV-00634,Dahua,IPC-HDBW2831R,V25.6.74,43.20.118.64,Critical,99.52,2,9.8,2.0,1,1
CCTV-00635,Uniview,IPC2124SR3-PF40,V20.6.17,115.193.140.114,Critical,99.27,0,0.0,0.0,0,0
CCTV-00636,Uniview,NVR304-32E-B,V22.2.26,25.234.148.53,Critical,99.69,2,9.8,2.0,1,1
CCTV-00637,Axis,M2026-LE,V22.2.36,109.138.82.123,Critical,70.0,0,0.0,0.0,0,0
CCTV-00638,Dahua,IPC-HFW5831E,V23.0.99,15.32.54.62,Critical,96.0,1,9.8,1.0,1,1
CCTV-00639,CP Plus,CP-UVR-0401E1,V21.8.78,88.217.128.179,Critical,99.87,1,8.8,1.0,1,1
CCTV-00640,Hanwha,QND-7082R,V19.6.85,36.70.118.106,Critical,99.89,0,0.0,0.0,0,0
CCTV-00641,Hanwha,XNP-6320H,V16.6.68,125.107.47.88,Critical,99.87,1,9.1,2.0,0,1
CCTV-00642,Dahua,SD22204UE-GN,V15.4.76,157.142.0.110,Critical,99.93,2,9.8,1.0,2,2
CCTV-00643,Uniview,IPC532E-DL-IN,V24.7.71,25.230.115.159,High,93.1,1,7.8,1.0,1,0
CCTV-00644,Dahua,IPC-HFW1230S,V15.3.46,37.222.117.180,Critical,99.92,4,9.8,1.5,3,2
CCTV-00645,Hanwha,PNM-9084RQZ,V16.8.91,15.100.207.76,Critical,99.85,0,0.0,0.0,0,0
CCTV-00646,Axis,F34,V18.1.74,22.37.123.138,Critical,99.95,3,9.8,1.0,3,2
CCTV-00647,Vivotek,FD9389-EHTV,V17.8.11,149.41.164.118,Critical,99.93,1,9.8,1.0,1,1
CCTV-00648,Dahua,NVR5208-8P,V26.5.3,35.224.190.15,Critical,95.48,1,9.8,1.0,1,1
CCTV-00649,Hanwha,XNP-6320H,V20.5.40,29.77.89.212,Critical,99.87,0,0.0,0.0,0,0
CCTV-00650,Hanwha,QND-7082R,V18.0.40,70.211.76.205,Critical,99.87,1,6.5,3.0,0,0
CCTV-00651,CP Plus,CP-DGC-D13L2,V16.5.47,169.94.64.17,Critical,99.95,2,9.8,1.0,2,1
CCTV-00652,Hikvision,DS-2CD1623G,V21.1.50,106.96.32.103,Critical,99.93,1,9.8,1.0,1,1
CCTV-00653,CP Plus,CP-EAC-T24PL2,V15.1.18,128.20.199.75,Critical,99.93,3,9.8,2.0,1,2
CCTV-00654,Uniview,IPC2328SBR3-DPZ,V15.5.96,157.11.115.188,Critical,99.94,3,9.8,1.67,2,2
CCTV-00655,Hikvision,DS-7608NI-I2,V16.8.66,75.161.62.102,Critical,99.93,3,9.8,1.67,2,2
CCTV-00656,Uniview,NVR304-32E-B,V21.1.11,113.165.115.11,Critical,99.9,2,9.8,2.0,1,1
CCTV-00657,Axis,M3045-V,V20.1.96,17.54.171.200,Critical,99.85,1,6.5,3.0,0,0
CCTV-00658,Axis,M2026-LE,V18.9.67,98.68.29.20,Critical,99.81,1,6.5,3.0,0,0
CCTV-00659,CP Plus,CP-PLUS-16CH-DVR,V15.1.67,164.75.37.62,Critical,99.93,3,9.8,1.33,2,3
CCTV-00660,Axis,P1455-LE,V17.6.9,142.49.59.192,Critical,99.95,1,9.8,1.0,1,1
CCTV-00661,Dahua,IPC-HDBW2831R,V21.0.5,35.89.111.66,Critical,96.15,0,0.0,0.0,0,0
CCTV-00662,CP Plus,CP-VCG-SD10L2,V15.6.65,70.244.69.105,Critical,99.92,1,9.8,1.0,1,1
CCTV-00663,Hikvision,DS-2CD1023G,V16.5.78,75.84.206.194,Critical,99.94,2,9.8,1.5,1,2
CCTV-00664,Vivotek,ND9541P,V19.6.98,138.158.99.245,Critical,99.92,0,0.0,0.0,0,0
CCTV-00665,Dahua,NVR4104HS,V15.3.37,153.116.112.84,Critical,99.92,4,9.8,1.75,2,3
CCTV-00666,Uniview,IPC532E-DL-IN,V19.8.17,47.207.183.140,Critical,99.2,0,0.0,0.0,0,0
CCTV-00667,Uniview,IPC672LR-AX4DUPK,V17.4.11,96.61.128.216,Critical,99.9,1,6.5,3.0,0,0
CCTV-00668,Dahua,NVR5208-8P,V17.2.30,39.198.103.20,Critical,99.95,2,9.8,1.0,2,2
CCTV-00669,Hikvision,DS-2CD1023G,V21.5.3,159.226.210.161,Critical,99.89,2,9.8,2.0,1,1
CCTV-00670,Dahua,IPC-HFW1230S,V20.3.81,98.9.47.191,Critical,99.88,2,9.8,2.0,1,1
CCTV-00671,Hanwha,XND-6085V,V20.7.49,90.183.87.52,Critical,99.93,3,8.8,1.67,2,1
CCTV-00672,CP Plus,CP-E24A,V15.8.10,98.192.62.49,Critical,99.96,1,9.8,1.0,1,1
CCTV-00673,Dahua,IPC-HFW5831E,V15.8.37,146.55.72.232,Critical,99.91,1,9.8,1.0,1,1
CCTV-00674,Axis,P3265-LVE,V19.2.23,165.224.119.195,Critical,99.95,1,9.8,1.0,1,1
CCTV-00675,Axis,M3116-LVE,V22.8.31,40.232.244.180,Critical,99.34,0,0.0,0.0,0,0
CCTV-00676,Hikvision,DS-7616NI-Q2,V22.7.30,50.44.201.174,Critical,99.83,0,0.0,0.0,0,0
CCTV-00677,Hanwha,XRN-2011,V15.5.69,152.137.120.111,Critical,99.92,0,0.0,0.0,0,0
CCTV-00678,Vivotek,ND9541P,V18.8.2,43.152.172.217,Critical,99.87,1,9.1,2.0,0,1
CCTV-00679,Uniview,IPC322LR3-VSPF40,V19.4.44,57.13.231.71,Critical,99.93,2,9.8,2.0,1,1
CCTV-00680,Axis,M2026-LE,V24.1.92,19.162.0.103,Critical,98.69,1,8.8,1.0,1,1
CCTV-00681,Uniview,IPC672LR-AX4DUPK,V19.3.47,105.137.128.47,Critical,99.94,1,9.8,1.0,1,1
CCTV-00682,Vivotek,IP8160-W,V17.6.25,36.174.207.43,Critical,99.94,2,9.8,1.5,1,2
CCTV-00683,CP Plus,CP-UNC-DA41L3,V20.5.23,139.54.200.95,Critical,99.94,1,9.8,1.0,1,1
CCTV-00684,CP Plus,CP-UNC-TA21L3,V24.7.66,133.247.84.13,Critical,99.78,3,9.8,1.67,2,1
CCTV-00685,Dahua,DHI-NVR4216-16P,V21.5.74,144.49.121.205,Critical,99.93,1,9.8,1.0,1,1
CCTV-00686,Axis,P3265-LVE,V22.0.2,153.30.67.194,Critical,99.33,0,0.0,0.0,0,0
CCTV-00687,Axis,M3045-V,V16.2.30,147.226.143.77,Critical,99.94,0,0.0,0.0,0,0
CCTV-00688,Hanwha,PNM-9084RQZ,V15.5.65,187.219.170.7,Critical,99.92,1,9.8,1.0,1,1
CCTV-00689,Dahua,IPC-HFW1230S,V22.0.19,11.165.174.124,Critical,97.89,0,0.0,0.0,0,0
CCTV-00690,Hikvision,DS-2CD2T85G1,V16.6.71,141.85.188.74,Critical,99.95,4,9.8,1.75,2,3
CCTV-00691,Dahua,IPC-HFW2431T,V18.2.90,116.134.250.41,Critical,99.95,1,9.8,1.0,1,1
CCTV-00692,Dahua,DHI-NVR4216-16P,V18.0.68,18.166.72.159,Critical,99.95,2,9.8,1.5,1,2
CCTV-00693,Hikvision,DS-2CD2T85G1,V21.7.48,177.95.14.84,Critical,99.89,1,6.5,3.0,0,0
CCTV-00694,Dahua,IPC-HDW1431S,V15.9.78,91.157.136.107,Critical,99.93,2,9.8,2.0,1,1
CCTV-00695,Hikvision,DS-2CD2385G1,V20.7.94,124.224.1.48,Critical,98.27,0,0.0,0.0,0,0
CCTV-00696,Vivotek,CC8370-HV,V17.2.7,35.68.186.102,Critical,99.91,2,9.8,1.5,1,2
CCTV-00697,Uniview,IPC2124SR3-PF40,V18.2.4,25.20.103.5,Critical,99.94,1,9.1,2.0,0,1
CCTV-00698,CP Plus,CP-UVR-0401E1,V16.6.82,80.98.29.157,Critical,99.95,3,9.8,1.0,3,2
CCTV-00699,Hanwha,XNV-8082R,V23.9.53,45.27.58.156,Medium,68.45,0,0.0,0.0,0,0
CCTV-00700,Hanwha,QNO-8080R,V15.6.51,19.150.98.111,Critical,99.93,1,9.8,1.0,1,1
CCTV-00701,Axis,Q1615-E,V16.0.84,180.167.68.39,Critical,99.95,4,9.8,1.25,3,3
CCTV-00702,Vivotek,SD9364-EHL,V17.0.75,34.117.232.31,Critical,99.93,1,9.8,1.0,1,1
CCTV-00703,Dahua,NVR5208-8P,V16.5.70,51.245.118.143,Critical,99.9,2,9.8,2.0,1,1
CCTV-00704,Axis,P1455-LE,V15.9.79,185.3.113.180,Critical,99.94,2,9.8,1.5,1,2
CCTV-00705,Uniview,IPC6252SR-X5UG,V15.0.15,73.128.245.216,Critical,99.94,2,9.8,1.0,2,1
CCTV-00706,Hikvision,DS-2CD2085FWD,V21.4.59,33.250.82.109,Critical,99.9,2,9.8,2.0,1,1
CCTV-00707,Vivotek,IB9389-EHT,V18.8.12,22.147.184.249,Critical,99.93,2,8.8,2.0,1,1
CCTV-00708,Vivotek,SD9364-EHL,V18.3.51,95.101.102.156,Critical,99.92,2,9.8,1.5,1,2
CCTV-00709,Axis,P3245-LVE,V21.7.32,94.12.34.204,Critical,99.9,2,8.8,2.0,1,1
CCTV-00710,Hikvision,DS-2CD2043G,V17.7.85,191.33.162.201,Critical,99.93,1,9.8,1.0,1,1
CCTV-00711,Dahua,IPC-HFW1230S,V16.9.64,35.76.110.125,Critical,99.95,2,9.8,1.0,2,2
CCTV-00712,CP Plus,CP-UNC-TA21L3,V18.9.34,179.71.13.55,Critical,99.95,2,9.8,1.0,2,2
CCTV-00713,Axis,M3045-V,V18.8.21,156.229.75.230,Critical,99.94,1,9.8,1.0,1,1
CCTV-00714,Hikvision,DS-2CD2143G,V25.0.93,143.119.225.249,Low,96.4,0,0.0,0.0,0,0
CCTV-00715,Vivotek,FE8182,V17.0.69,31.80.255.173,Critical,99.92,3,9.8,2.0,1,2
CCTV-00716,Hanwha,QND-7082R,V21.9.85,21.253.127.46,Critical,99.39,0,0.0,0.0,0,0
CCTV-00717,Axis,P1455-LE,V19.8.71,77.219.13.69,Critical,99.95,3,9.8,1.67,2,2
CCTV-00718,Axis,F34,V16.1.56,20.223.70.253,Critical,99.94,2,9.8,1.0,2,1
CCTV-00719,CP Plus,CP-E24A,V18.8.56,51.104.208.28,Critical,99.91,1,9.8,1.0,1,1
CCTV-00720,Dahua,NVR4104HS,V18.6.0,167.49.219.82,Critical,99.93,2,9.8,1.0,2,2
CCTV-00721,Uniview,IPC2124SR3-PF40,V22.4.35,10.205.236.214,Critical,99.76,2,9.8,2.0,1,1
CCTV-00722,Vivotek,CC8370-HV,V15.1.56,150.225.159.239,Critical,99.93,1,9.8,1.0,1,1
CCTV-00723,Vivotek,IP8160-W,V18.1.41,187.22.179.30,Critical,99.93,3,9.8,2.0,1,2
CCTV-00724,Hikvision,DS-2CD2385G1,V15.0.29,16.154.69.77,Critical,99.94,3,9.8,1.0,3,2
CCTV-00725,Vivotek,ND9541P,V16.0.37,147.14.230.201,Critical,99.87,0,0.0,0.0,0,0
CCTV-00726,CP Plus,CP-VCG-SD10L2,V24.3.64,164.177.117.237,Low,95.7,0,0.0,0.0,0,0
CCTV-00727,Hikvision,DS-2CD2043G,V20.6.20,35.47.190.234,Critical,98.88,0,0.0,0.0,0,0
CCTV-00728,Hanwha,QNV-7080R,V21.4.68,101.227.6.239,Critical,99.94,0,0.0,0.0,0,0
CCTV-00729,Hanwha,QND-7082R,V17.6.33,146.24.236.142,Critical,99.92,1,6.5,3.0,0,0
CCTV-00730,CP Plus,CP-VAC-D20L2,V17.4.65,129.173.74.223,Critical,99.91,1,9.8,1.0,1,1
CCTV-00731,Dahua,IPC-HFW2431T,V15.3.19,152.194.86.210,Critical,99.82,2,9.1,2.5,0,1
CCTV-00732,Hikvision,DS-2CD2385G1,V17.0.83,78.117.169.218,Critical,99.92,1,9.8,1.0,1,1
CCTV-00733,Dahua,NVR5208-8P,V15.1.65,63.185.33.122,Critical,99.92,2,9.8,2.0,1,1
CCTV-00734,Vivotek,ND9541P,V16.8.13,141.79.31.79,Critical,99.94,1,9.8,1.0,1,1
CCTV-00735,CP Plus,CP-USC-TA13L2,V18.2.61,176.115.230.42,Critical,99.92,1,9.8,1.0,1,1
CCTV-00736,Vivotek,IB8382-T,V16.1.19,13.94.117.45,Critical,99.93,1,9.1,2.0,0,1
CCTV-00737,Hikvision,DS-2CD2043G,V15.8.49,31.24.247.71,Critical,99.91,2,9.8,1.0,2,1
CCTV-00738,Axis,F34,V19.3.40,81.168.194.113,Critical,99.94,1,8.8,1.0,1,1
CCTV-00739,Hanwha,QNO-8080R,V17.0.55,112.137.240.11,Critical,99.93,2,9.1,2.5,0,1
CCTV-00740,Vivotek,ND9541P,V15.8.97,130.248.37.94,Critical,99.95,2,9.8,2.0,1,1
CCTV-00741,Hikvision,DS-7608NI-I2,V21.6.23,153.95.194.4,Critical,99.93,2,9.8,2.0,1,1
CCTV-00742,CP Plus,CP-UNC-DA41L3,V18.0.97,108.94.38.25,Critical,99.93,2,9.1,2.5,0,1
CCTV-00743,Vivotek,IZ9361-EH,V15.1.77,43.53.177.175,Critical,98.26,0,0.0,0.0,0,0
CCTV-00744,CP Plus,CP-VCG-SD10L2,V18.0.40,64.69.142.217,Critical,99.95,1,9.8,1.0,1,1
CCTV-00745,Hanwha,XND-6085V,V26.8.20,71.46.69.108,High,95.37,1,6.5,3.0,0,0
CCTV-00746,Hikvision,DS-7616NI-Q2,V24.8.98,90.95.218.21,Critical,95.55,1,9.8,1.0,1,1
CCTV-00747,Uniview,IPC2124SR3-PF40,V20.3.56,89.167.150.59,Critical,99.91,1,9.8,1.0,1,1
CCTV-00748,Hanwha,PNM-9084RQZ,V21.8.59,141.72.242.52,Critical,97.75,0,0.0,0.0,0,0
CCTV-00749,Hanwha,QND-7082R,V21.1.27,85.109.184.113,Critical,97.67,0,0.0,0.0,0,0
CCTV-00750,CP Plus,CP-DGC-D13L2,V20.3.43,138.99.155.248,Critical,99.9,1,6.5,3.0,0,0
CCTV-00751,Dahua,DHI-XVR1B04,V21.6.80,103.203.81.53,Critical,99.82,0,0.0,0.0,0,0
CCTV-00752,Vivotek,CC8370-HV,V20.0.76,139.198.48.154,Critical,99.95,3,9.8,1.0,3,2
CCTV-00753,Uniview,IPC2124SR3-PF40,V15.4.90,10.42.69.47,Critical,99.87,2,9.1,1.5,1,2
CCTV-00754,Axis,Q1615-E,V21.9.45,168.173.16.113,Critical,99.57,0,0.0,0.0,0,0
CCTV-00755,CP Plus,CP-UNC-TA21L3,V24.7.12,183.110.155.198,High,96.09,1,6.5,3.0,0,0
CCTV-00756,Uniview,IPC2124SR3-PF40,V16.9.15,54.183.177.195,Critical,99.94,1,9.8,1.0,1,1
CCTV-00757,Hanwha,XNV-8082R,V23.9.43,122.244.134.12,Critical,96.9,1,9.8,1.0,1,1
CCTV-00758,Hanwha,XNV-8082R,V26.8.34,50.171.167.3,Critical,54.85,1,6.5,3.0,0,0
CCTV-00759,Dahua,IPC-HDW1431S,V19.0.9,34.35.7.189,Critical,99.94,3,9.8,1.67,2,2
CCTV-00760,Hanwha,XNP-6320H,V18.6.86,82.171.233.86,Critical,99.93,2,9.8,1.5,1,2
CCTV-00761,Hanwha,QNV-7080R,V21.8.57,46.234.189.91,Critical,98.88,0,0.0,0.0,0,0
CCTV-00762,Vivotek,CC8370-HV,V15.7.59,53.34.180.233,Critical,99.62,0,0.0,0.0,0,0
CCTV-00763,Vivotek,FD9389-EHTV,V18.7.92,52.48.195.143,Critical,99.95,1,9.8,1.0,1,1
CCTV-00764,Vivotek,IB9389-EHT,V20.5.30,89.27.49.132,Critical,99.9,1,6.5,3.0,0,0
CCTV-00765,Dahua,IPC-HDW1431S,V20.7.20,144.56.33.108,Critical,99.89,1,9.8,1.0,1,1
CCTV-00766,CP Plus,CP-PLUS-16CH-DVR,V19.3.89,42.52.124.96,Critical,99.95,1,9.8,1.0,1,1
CCTV-00767,Uniview,NVR304-32E-B,V15.2.64,159.49.114.34,Critical,99.92,1,9.8,1.0,1,1
CCTV-00768,Hanwha,QNO-8080R,V20.2.76,17.134.126.216,Critical,99.91,1,9.8,1.0,1,1
CCTV-00769,Uniview,IPC6252SR-X5UG,V15.6.50,20.196.119.180,Critical,99.95,1,9.8,1.0,1,1
CCTV-00770,Axis,P3245-LVE,V15.8.50,87.192.85.117,Critical,99.84,0,0.0,0.0,0,0
CCTV-00771,Dahua,IPC-HDW1431S,V22.6.17,183.20.252.243,Critical,99.75,2,9.8,1.0,2,2
CCTV-00772,Vivotek,ND9541P,V15.9.52,103.29.186.137,Critical,99.94,3,9.8,1.67,2,1
CCTV-00773,Dahua,NVR4104HS,V16.3.4,112.137.171.243,Critical,99.91,1,9.8,1.0,1,1
CCTV-00774,Dahua,DHI-XVR1B04,V25.6.47,88.44.174.48,Critical,83.59,0,0.0,0.0,0,0
CCTV-00775,Hanwha,PNF-9010R,V19.5.47,78.92.197.32,Critical,99.92,0,0.0,0.0,0,0
CCTV-00776,Hanwha,QND-7082R,V15.4.83,67.53.9.8,Critical,99.92,0,0.0,0.0,0,0
CCTV-00777,Vivotek,FD9389-EHTV,V18.8.45,78.255.24.29,Critical,99.69,0,0.0,0.0,0,0
CCTV-00778,Axis,M3116-LVE,V19.2.82,10.57.142.234,Critical,99.88,1,8.8,1.0,1,1
CCTV-00779,Hikvision,DS-2CD2043G,V23.5.19,179.99.61.109,Low,96.7,0,0.0,0.0,0,0
CCTV-00780,Hikvision,DS-2DE4A425IW,V16.9.88,16.95.248.201,Critical,99.93,3,9.8,1.67,2,2
CCTV-00781,Dahua,DHI-XVR1B04,V15.5.78,131.113.181.58,Critical,99.94,2,9.8,1.0,2,2
CCTV-00782,Dahua,NVR4104HS,V17.1.64,35.181.113.229,Critical,99.92,3,9.8,2.0,1,2
CCTV-00783,Vivotek,IZ9361-EH,V19.2.90,65.78.72.244,Critical,99.93,1,9.8,1.0,1,1
CCTV-00784,Dahua,DHI-NVR4216-16P,V15.1.96,109.124.245.222,Critical,99.9,2,9.8,2.0,1,1
CCTV-00785,Hanwha,XNV-8082R,V15.1.68,66.197.89.103,Critical,99.95,2,9.8,1.5,1,2
CCTV-00786,Uniview,IPC2124SR3-PF40,V18.4.84,119.137.36.20,Critical,99.92,2,9.8,1.0,2,2
CCTV-00787,Vivotek,FE8182,V17.4.2,180.7.36.160,Critical,99.92,2,9.1,1.5,1,2
CCTV-00788,Hanwha,XND-6085V,V15.1.19,57.67.224.167,Critical,99.93,2,9.8,1.5,1,2
CCTV-00789,Axis,M3045-V,V17.5.89,107.168.158.49,Critical,99.88,0,0.0,0.0,0,0
CCTV-00790,Hikvision,DS-2CD2T85G1,V19.9.81,82.245.3.183,Critical,99.93,1,9.8,1.0,1,1
CCTV-00791,Hikvision,DS-2CD2043G,V15.8.59,75.169.16.6,Critical,99.92,1,9.8,1.0,1,1
CCTV-00792,Axis,M3116-LVE,V17.3.60,104.238.4.46,Critical,99.95,4,9.8,1.5,3,2
CCTV-00793,CP Plus,CP-VCG-SD10L2,V15.8.20,178.222.126.77,Critical,99.93,3,9.8,1.67,2,2
CCTV-00794,CP Plus,CP-UVR-0401E1,V22.4.95,82.115.138.225,Critical,99.73,2,9.8,2.0,1,1
CCTV-00795,Axis,P1455-LE,V15.8.21,132.22.245.84,Critical,99.91,4,9.8,1.75,2,2
CCTV-00796,CP Plus,CP-DGC-D13L2,V17.4.80,155.27.14.37,Critical,99.93,3,9.8,2.0,1,2
CCTV-00797,Uniview,IPC532E-DL-IN,V15.1.26,65.35.133.181,Critical,99.94,1,9.1,2.0,0,1
CCTV-00798,CP Plus,CP-DGC-D13L2,V16.4.89,56.135.208.54,Critical,99.93,2,9.8,1.5,1,2
CCTV-00799,Uniview,IPC322LR3-VSPF40,V15.3.84,49.45.249.113,Critical,99.92,2,9.8,1.5,1,2
CCTV-00800,CP Plus,CP-UNC-DA41L3,V18.3.4,69.4.69.5,Critical,99.92,2,9.8,1.5,1,2
CCTV-00801,Dahua,DHI-XVR1B04,V17.1.27,166.177.161.64,Critical,99.9,1,9.8,1.0,1,1
CCTV-00802,Uniview,IPC2124SR3-PF40,V16.5.26,158.8.46.117,Critical,99.95,4,9.8,1.75,2,3
CCTV-00803,Uniview,IPC672LR-AX4DUPK,V24.2.37,37.93.135.13,Critical,95.22,1,9.8,1.0,1,1
CCTV-00804,Axis,Q1615-E,V19.3.68,82.130.75.243,Critical,99.91,0,0.0,0.0,0,0
CCTV-00805,Dahua,IPC-HFW5831E,V16.3.57,28.232.25.221,Critical,99.96,1,9.8,1.0,1,1
CCTV-00806,Hanwha,XND-6085V,V16.0.80,66.232.93.42,Critical,99.9,2,8.8,2.0,1,1
CCTV-00807,Hikvision,DS-7608NI-I2,V22.2.18,14.156.255.131,Critical,99.73,2,9.8,2.0,1,1
CCTV-00808,Vivotek,ND9541P,V23.0.34,56.203.218.163,Low,96.36,0,0.0,0.0,0,0
CCTV-00809,Uniview,NVR304-32E-B,V15.9.94,44.14.188.147,Critical,99.95,2,9.8,2.0,1,1
CCTV-00810,Uniview,IPC672LR-AX4DUPK,V15.4.14,114.88.151.171,Critical,99.94,2,9.8,1.0,2,1
CCTV-00811,Hanwha,PNM-9084RQZ,V15.6.9,67.80.32.210,Critical,99.92,1,9.8,1.0,1,1
CCTV-00812,Uniview,IPC322LR3-VSPF40,V16.2.12,159.56.167.68,Critical,99.88,1,9.1,2.0,0,1
CCTV-00813,Vivotek,IZ9361-EH,V15.4.39,40.222.66.56,Critical,99.9,1,9.1,2.0,0,1
CCTV-00814,CP Plus,CP-VAC-D20L2,V15.2.91,189.57.46.121,Critical,99.87,1,6.5,3.0,0,0
CCTV-00815,Hanwha,XND-6085V,V15.6.75,25.2.178.240,Critical,99.89,1,6.5,3.0,0,0
CCTV-00816,Dahua,IPC-HDW1431S,V18.3.69,166.31.30.116,Critical,99.95,1,9.8,1.0,1,1
CCTV-00817,Axis,F34,V20.2.58,39.206.90.102,Critical,99.94,1,8.8,1.0,1,1
CCTV-00818,Axis,M2026-LE,V16.8.39,163.32.244.84,Critical,99.82,1,9.1,2.0,0,1
CCTV-00819,Uniview,IPC2124SR3-PF40,V17.7.63,187.56.180.249,Critical,99.94,3,9.8,2.0,1,2
CCTV-00820,Vivotek,IP8160-W,V18.8.82,124.104.157.158,Critical,99.95,3,9.8,1.67,2,1
CCTV-00821,Vivotek,ND9541P,V18.2.43,87.32.224.147,Critical,99.96,1,9.8,1.0,1,1
CCTV-00822,Vivotek,IP8160-W,V18.8.0,127.175.105.103,Critical,99.9,2,9.1,2.5,0,1
CCTV-00823,Uniview,IPC322LR3-VSPF40,V26.4.99,20.203.204.75,Low,96.42,0,0.0,0.0,0,0
CCTV-00824,Vivotek,ND9541P,V23.0.69,148.121.242.68,Critical,95.96,1,9.8,1.0,1,1
CCTV-00825,Hanwha,QNO-8080R,V18.6.30,62.8.183.100,Critical,99.95,2,9.8,2.0,1,1
CCTV-00826,CP Plus,CP-UNC-DA41L3,V18.9.24,171.104.218.96,Critical,99.9,1,7.8,1.0,1,0
CCTV-00827,Uniview,IPC322LR3-VSPF40,V15.4.37,46.64.59.83,Critical,99.95,3,9.8,1.0,3,2
CCTV-00828,CP Plus,CP-PLUS-16CH-DVR,V19.7.17,109.155.147.176,Critical,99.91,2,9.8,2.0,1,1
CCTV-00829,Hanwha,XRN-2011,V17.3.76,162.28.1.190,Critical,99.88,0,0.0,0.0,0,0
CCTV-00830,Dahua,IPC-HDBW2831R,V15.2.11,93.87.92.150,Critical,99.89,0,0.0,0.0,0,0
CCTV-00831,Uniview,IPC6252SR-X5UG,V15.5.17,126.157.137.121,Critical,99.89,1,6.5,3.0,0,0
CCTV-00832,Dahua,DHI-XVR1B04,V19.5.98,62.18.170.60,Critical,99.94,1,9.8,1.0,1,1
CCTV-00833,Axis,F34,V18.3.24,54.245.243.51,Critical,99.94,1,9.8,1.0,1,1
CCTV-00834,Hikvision,DS-2CD1623G,V21.6.23,141.54.182.109,Critical,99.9,1,9.8,1.0,1,1
CCTV-00835,Uniview,IPC672LR-AF60-B,V16.4.48,171.220.134.249,Critical,99.93,2,9.8,2.0,1,1
CCTV-00836,CP Plus,CP-UNC-TA21L3,V19.9.74,179.148.147.44,Critical,99.92,1,8.8,1.0,1,1
CCTV-00837,Uniview,IPC6252SR-X5UG,V17.8.99,142.56.26.46,Critical,99.94,2,9.8,1.0,2,2
CCTV-00838,Dahua,IPC-HFW2431T,V17.9.59,77.168.50.203,Critical,99.94,1,9.8,1.0,1,1
CCTV-00839,CP Plus,CP-EAC-T24PL2,V17.2.66,96.5.11.189,Critical,99.91,1,7.8,1.0,1,0
CCTV-00840,Hanwha,PNM-9084RQZ,V21.7.59,13.163.99.33,Critical,98.72,0,0.0,0.0,0,0
CCTV-00841,Uniview,IPC2328SBR3-DPZ,V15.1.15,138.62.21.73,Critical,99.94,1,9.8,1.0,1,1
CCTV-00842,CP Plus,CP-UNC-TA21L3,V22.4.27,168.30.3.161,Critical,96.54,0,0.0,0.0,0,0
CCTV-00843,CP Plus,CP-DGC-D13L2,V16.6.11,140.122.241.125,Critical,99.93,4,9.8,1.5,3,2
CCTV-00844,Dahua,IPC-HFW5831E,V15.2.69,92.104.171.138,Critical,99.95,1,9.8,1.0,1,1
CCTV-00845,Hanwha,QND-7082R,V17.4.5,39.117.162.204,Critical,99.94,2,9.1,1.5,1,2
CCTV-00846,Dahua,IPC-HFW1230S,V18.9.5,99.57.121.213,Critical,99.93,2,9.8,1.5,1,2
CCTV-00847,Hanwha,XRN-2011,V18.7.17,161.33.252.53,Critical,99.83,1,6.5,3.0,0,0
CCTV-00848,Vivotek,MD8563-EH,V17.5.65,15.95.65.102,Critical,99.94,2,9.8,2.0,1,1
CCTV-00849,Dahua,DHI-XVR1B04,V16.2.5,190.139.51.145,Critical,99.87,0,0.0,0.0,0,0
CCTV-00850,Dahua,IPC-HDW1431S,V16.3.70,75.208.104.47,Critical,99.87,2,9.8,2.0,1,1
CCTV-00851,Dahua,DHI-XVR1B04,V15.7.38,13.76.204.115,Critical,99.94,2,9.8,1.0,2,1
CCTV-00852,Uniview,IPC672LR-AX4DUPK,V15.2.99,154.6.13.205,Critical,99.94,3,9.8,1.33,2,3
CCTV-00853,Axis,M3116-LVE,V19.1.24,74.161.143.191,Critical,99.9,2,7.8,2.0,1,0
CCTV-00854,Axis,M2026-LE,V26.1.72,43.94.184.37,Critical,74.33,0,0.0,0.0,0,0
CCTV-00855,Hikvision,DS-7616NI-Q2,V15.5.23,170.180.161.25,Critical,99.94,2,9.8,1.5,1,2
CCTV-00856,Dahua,IPC-HDW1431S,V18.1.83,33.87.220.139,Critical,99.94,1,9.8,1.0,1,1
CCTV-00857,Axis,P1455-LE,V20.8.52,69.224.45.251,Critical,99.88,2,7.8,2.0,1,0
CCTV-00858,Vivotek,FD9389-EHTV,V18.7.37,60.166.117.72,Critical,99.87,0,0.0,0.0,0,0
CCTV-00859,Vivotek,SD9364-EHL,V18.4.57,101.168.0.225,Critical,99.83,1,6.5,3.0,0,0
CCTV-00860,Dahua,NVR4104HS,V15.0.2,15.47.196.146,Critical,99.95,2,9.8,1.5,1,2
CCTV-00861,Hanwha,PNM-9084RQZ,V21.2.87,132.132.198.63,Critical,99.89,1,6.5,3.0,0,0
CCTV-00862,Hikvision,DS-2CD2043G,V15.9.75,156.158.76.250,Critical,99.92,4,9.8,1.5,3,2
CCTV-00863,Hikvision,DS-2CD1023G,V19.0.8,47.27.48.15,Critical,99.91,2,9.8,2.0,1,1
CCTV-00864,Vivotek,CC8370-HV,V16.0.17,77.166.69.120,Critical,99.88,1,7.8,1.0,1,0
CCTV-00865,Dahua,DHI-XVR1B04,V19.3.52,185.214.35.161,Critical,99.95,3,9.8,1.67,2,2
CCTV-00866,Dahua,DHI-XVR1B04,V17.0.36,54.102.65.146,Critical,99.95,3,9.8,1.33,2,3
CCTV-00867,Uniview,IPC2328SBR3-DPZ,V15.1.16,55.73.225.108,Critical,99.94,1,9.8,1.0,1,1
CCTV-00868,Dahua,NVR5208-8P,V17.0.13,183.64.234.172,Critical,99.92,1,9.8,1.0,1,1
CCTV-00869,Dahua,IPC-HDBW2831R,V17.0.65,129.41.81.149,Critical,99.91,2,9.8,1.5,1,2
CCTV-00870,Hikvision,DS-2CD1023G,V17.0.52,48.44.172.203,Critical,99.93,0,0.0,0.0,0,0
CCTV-00871,Uniview,IPC2328SBR3-DPZ,V22.9.94,149.41.75.119,Critical,98.28,0,0.0,0.0,0,0
CCTV-00872,Dahua,IPC-HFW1230S,V22.6.29,35.51.22.47,Critical,99.7,2,9.8,2.0,1,1
CCTV-00873,Hikvision,DS-2CD2085FWD,V21.5.39,71.254.72.26,Critical,99.93,1,9.8,1.0,1,1
CCTV-00874,Uniview,IPC2328SBR3-DPZ,V15.0.25,129.212.23.200,Critical,99.94,3,9.8,1.67,2,1
CCTV-00875,Uniview,IPC322LR3-VSPF40,V22.6.19,12.61.39.53,Critical,99.81,2,8.8,2.0,1,1
CCTV-00876,Axis,Q1615-E,V16.8.21,151.56.240.250,Critical,99.89,0,0.0,0.0,0,0
CCTV-00877,Hanwha,PNM-9084RQZ,V15.3.86,150.7.187.201,Critical,99.94,1,8.8,1.0,1,1
CCTV-00878,CP Plus,CP-USC-TA13L2,V22.8.4,76.203.241.6,Critical,99.84,2,9.8,2.0,1,1
CCTV-00879,Axis,P3265-LVE,V19.5.8,65.101.186.12,Critical,99.88,2,8.8,2.0,1,1
CCTV-00880,Hanwha,QNV-7080R,V20.2.36,29.7.161.220,Critical,99.93,1,6.5,3.0,0,0
CCTV-00881,Dahua,IPC-HFW1230S,V15.5.9,137.215.132.197,Critical,99.93,3,9.8,1.33,2,3
CCTV-00882,Dahua,IPC-HFW5831E,V18.9.54,35.174.185.67,Critical,99.92,1,6.5,3.0,0,0
CCTV-00883,Dahua,IPC-HDBW2831R,V22.0.97,128.239.72.10,Critical,53.12,0,0.0,0.0,0,0
CCTV-00884,CP Plus,CP-UNC-DA41L3,V17.0.58,93.235.92.99,Critical,99.92,4,9.8,1.75,2,3
CCTV-00885,Hikvision,DS-2CD2085FWD,V18.5.33,190.105.173.54,Critical,99.95,1,9.8,1.0,1,1
CCTV-00886,Uniview,IPC2328SBR3-DPZ,V18.2.45,104.120.132.2,Critical,99.89,0,0.0,0.0,0,0
CCTV-00887,CP Plus,CP-UNC-TA21L3,V20.9.98,131.237.255.182,Critical,99.86,2,9.8,2.0,1,1
CCTV-00888,CP Plus,CP-VCG-SD10L2,V16.6.9,47.246.52.28,Critical,99.91,3,9.8,2.0,1,2
CCTV-00889,Hanwha,QNO-8080R,V21.5.83,105.89.53.214,Critical,99.87,1,7.8,1.0,1,0
CCTV-00890,Axis,P3719-PLE,V15.9.22,65.41.204.237,Critical,99.95,1,9.8,1.0,1,1
CCTV-00891,Dahua,IPC-HFW5831E,V22.0.43,71.2.113.246,Critical,99.58,1,8.8,1.0,1,1
CCTV-00892,Vivotek,IB9389-EHT,V20.5.33,109.113.178.167,Critical,99.94,3,9.8,1.67,2,2
CCTV-00893,Hikvision,DS-2CD1623G,V25.9.54,10.222.154.209,Critical,99.64,2,9.8,2.0,1,1
CCTV-00894,Hikvision,DS-7616NI-Q2,V20.5.96,76.17.115.45,Critical,99.94,3,9.8,1.0,3,2
CCTV-00895,Dahua,DHI-XVR1B04,V24.3.26,18.115.207.149,Critical,99.62,1,9.8,1.0,1,1
CCTV-00896,Vivotek,IZ9361-EH,V21.4.88,147.118.62.33,Critical,99.92,1,6.5,3.0,0,0
CCTV-00897,Hanwha,QND-7082R,V20.1.20,127.158.190.72,Critical,99.81,1,6.5,3.0,0,0
CCTV-00898,Dahua,IPC-HFW2431T,V23.6.23,118.140.242.82,High,74.49,1,9.9,1.0,1,1
CCTV-00899,Dahua,DHI-NVR4216-16P,V19.6.32,52.54.32.91,Critical,99.95,3,9.8,1.0,3,2
CCTV-00900,Uniview,NVR304-32E-B,V22.5.1,164.64.191.178,Critical,99.59,2,9.8,2.0,1,1
CCTV-00901,Uniview,IPC6252SR-X5UG,V22.2.11,136.195.101.247,Critical,99.14,0,0.0,0.0,0,0
CCTV-00902,Dahua,NVR4104HS,V20.9.75,138.183.98.213,Critical,97.2,0,0.0,0.0,0,0
CCTV-00903,Uniview,IPC672LR-AX4DUPK,V25.5.89,91.191.41.202,Low,96.58,0,0.0,0.0,0,0
CCTV-00904,Vivotek,IP8160-W,V15.2.22,51.125.140.23,Critical,99.95,2,9.8,1.5,1,2
CCTV-00905,CP Plus,CP-PLUS-16CH-DVR,V18.9.1,175.20.9.184,Critical,99.94,2,9.1,1.5,1,2
CCTV-00906,Dahua,SD22204UE-GN,V15.1.73,128.248.19.83,Critical,99.93,3,9.8,2.0,1,2
CCTV-00907,Axis,P1455-LE,V17.6.7,60.210.58.4,Critical,99.89,1,7.8,1.0,1,0
CCTV-00908,Uniview,IPC6252SR-X5UG,V16.1.55,187.106.128.155,Critical,99.95,2,9.8,1.0,2,1
CCTV-00909,CP Plus,CP-VAC-D20L2,V19.0.35,53.146.112.114,Critical,99.91,3,8.8,1.67,2,1
CCTV-00910,CP Plus,CP-UVR-0401E1,V21.1.98,45.214.21.72,Critical,99.88,2,9.8,1.0,2,1
CCTV-00911,Uniview,IPC672LR-AF60-B,V16.8.55,92.8.16.149,Critical,99.92,0,0.0,0.0,0,0
CCTV-00912,Hanwha,XNV-8082R,V18.1.33,176.179.212.66,Critical,99.85,2,9.1,2.5,0,1
CCTV-00913,Axis,P3265-LVE,V15.6.96,188.85.56.3,Critical,99.92,2,9.8,1.5,1,2
CCTV-00914,Hanwha,QNV-7080R,V16.0.89,64.13.202.124,Critical,99.91,0,0.0,0.0,0,0
CCTV-00915,Uniview,IPC672LR-AF60-B,V19.0.51,125.220.168.56,Critical,99.95,1,9.8,1.0,1,1
CCTV-00916,Vivotek,FE8182,V19.0.49,156.70.71.213,Critical,99.9,1,6.5,3.0,0,0
CCTV-00917,Hikvision,DS-2CD2385G1,V15.8.54,55.41.81.126,Critical,99.91,1,9.8,1.0,1,1
CCTV-00918,Hikvision,DS-2CD2T85G1,V15.5.98,147.120.44.173,Critical,99.92,3,9.8,2.0,1,2
CCTV-00919,Hanwha,XNV-8082R,V24.4.87,165.83.139.60,Low,96.82,0,0.0,0.0,0,0
CCTV-00920,Vivotek,IZ9361-EH,V20.4.84,175.26.52.98,Critical,99.9,1,6.5,3.0,0,0
CCTV-00921,Uniview,IPC6252SR-X5UG,V22.9.92,124.24.104.8,Critical,99.26,2,8.8,2.0,1,1
CCTV-00922,Vivotek,IZ9361-EH,V15.1.58,178.173.94.165,Critical,99.9,2,9.8,2.0,1,1
CCTV-00923,Uniview,IPC672LR-AF60-B,V19.1.9,24.89.215.50,Critical,99.92,2,9.8,1.0,2,1
CCTV-00924,Uniview,IPC6252SR-X5UG,V16.3.41,114.9.46.241,Critical,99.91,0,0.0,0.0,0,0
CCTV-00925,Dahua,NVR4104HS,V17.3.1,20.180.181.57,Critical,99.94,2,9.8,1.5,1,2
CCTV-00926,Uniview,IPC2328SBR3-DPZ,V16.1.89,142.189.141.241,Critical,99.9,2,9.8,2.0,1,1
CCTV-00927,Uniview,IPC2328SBR3-DPZ,V17.3.16,164.198.94.43,Critical,99.93,3,9.8,2.0,1,2
CCTV-00928,Axis,P3719-PLE,V19.0.49,150.126.110.83,Critical,99.86,1,6.5,3.0,0,0
CCTV-00929,Hanwha,QNV-7080R,V20.6.71,34.167.102.155,Critical,99.93,1,6.5,3.0,0,0
CCTV-00930,Vivotek,IB8382-T,V25.9.10,88.116.17.223,Critical,97.18,1,9.8,1.0,1,1
CCTV-00931,CP Plus,CP-PLUS-16CH-DVR,V15.4.15,191.77.28.133,Critical,99.91,2,9.8,1.5,1,2
CCTV-00932,Dahua,NVR4104HS,V17.3.3,104.205.67.226,Critical,99.94,3,9.8,1.67,2,1
CCTV-00933,Hikvision,DS-2CD2143G,V18.5.31,91.115.37.169,Critical,99.89,1,9.8,1.0,1,1
CCTV-00934,Dahua,IPC-HFW5831E,V19.5.51,95.36.101.133,Critical,99.92,3,9.8,1.67,2,1
CCTV-00935,Axis,M3116-LVE,V16.0.24,67.161.33.237,Critical,99.9,3,9.8,2.0,1,2
CCTV-00936,Hikvision,DS-2CD2385G1,V17.1.99,164.37.181.131,Critical,99.94,3,9.8,2.0,1,2
CCTV-00937,Hikvision,DS-7608NI-I2,V17.1.93,13.159.163.229,Critical,99.91,2,9.8,1.5,1,2
CCTV-00938,CP Plus,CP-UNC-DA41L3,V18.0.97,185.142.10.169,Critical,99.91,1,9.8,1.0,1,1
CCTV-00939,Axis,F34,V18.2.50,86.134.10.129,Critical,99.83,2,9.1,2.5,0,1
CCTV-00940,Vivotek,IB9389-EHT,V20.6.62,187.144.113.21,Critical,99.92,2,9.8,2.0,1,1
CCTV-00941,Hikvision,DS-2CD1023G,V19.2.49,126.81.75.5,Critical,99.89,1,9.8,1.0,1,1
CCTV-00942,CP Plus,CP-EAC-T24PL2,V19.7.86,28.173.124.148,Critical,99.89,2,9.8,2.0,1,1
CCTV-00943,CP Plus,CP-E24A,V22.7.49,11.110.198.133,Critical,99.82,1,6.5,3.0,0,0
CCTV-00944,Axis,M3045-V,V17.0.50,161.60.84.16,Critical,99.94,2,9.8,2.0,1,1
CCTV-00945,Hanwha,XNV-8082R,V19.2.46,146.220.22.35,Critical,99.94,3,9.8,1.67,2,2
CCTV-00946,Hanwha,XND-6085V,V17.7.37,171.61.199.90,Critical,99.88,2,9.1,2.5,0,1
CCTV-00947,Uniview,IPC532E-DL-IN,V18.4.36,45.158.216.8,Critical,99.93,1,6.5,3.0,0,0
CCTV-00948,Axis,M3045-V,V16.2.96,144.225.31.96,Critical,99.93,2,8.8,1.0,2,1
CCTV-00949,Dahua,IPC-HDW1431S,V16.1.26,144.203.222.247,Critical,99.91,2,9.8,2.0,1,1
CCTV-00950,Uniview,IPC6252SR-X5UG,V22.6.74,105.239.25.198,Critical,99.8,1,9.8,1.0,1,1
CCTV-00951,Dahua,NVR4104HS,V26.7.60,184.68.107.145,Low,50.14,0,0.0,0.0,0,0
CCTV-00952,Hanwha,PNF-9010R,V16.0.23,44.122.93.6,Critical,99.91,3,8.8,1.67,2,1
CCTV-00953,Vivotek,FD9389-EHTV,V16.0.8,182.247.169.210,Critical,99.91,2,9.8,1.5,1,2
CCTV-00954,CP Plus,CP-UNC-DA41L3,V17.4.88,170.77.65.127,Critical,99.93,2,9.8,1.5,1,2
CCTV-00955,Axis,P3265-LVE,V18.3.9,169.155.69.162,Critical,99.9,1,8.8,1.0,1,1
CCTV-00956,CP Plus,CP-UNC-DA41L3,V20.0.81,10.220.81.4,Critical,99.9,2,9.8,2.0,1,1
CCTV-00957,Hanwha,XNP-6320H,V16.6.24,156.248.142.216,Critical,99.93,2,8.8,2.0,1,1
CCTV-00958,Vivotek,FD9389-EHTV,V16.8.54,161.131.195.26,Critical,99.91,2,9.8,1.5,1,2
CCTV-00959,Dahua,IPC-HFW2431T,V15.8.74,59.155.254.77,Critical,99.95,2,9.8,1.0,2,1
CCTV-00960,Dahua,IPC-HDW1431S,V17.7.95,29.102.130.148,Critical,99.94,1,9.8,1.0,1,1
CCTV-00961,Uniview,IPC532E-DL-IN,V17.7.95,168.227.78.52,Critical,99.92,2,8.8,1.0,2,1
CCTV-00962,Axis,M2026-LE,V15.8.7,143.204.165.84,Critical,99.44,0,0.0,0.0,0,0
CCTV-00963,Hanwha,XRN-2011,V22.5.12,84.29.182.19,Critical,99.58,1,6.5,3.0,0,0
CCTV-00964,Axis,M3067-P,V17.5.13,91.240.21.187,Critical,99.92,2,9.8,1.5,1,2
CCTV-00965,Hikvision,DS-2CD2385G1,V15.3.52,27.108.137.172,Critical,99.91,2,9.8,2.0,1,1
CCTV-00966,Vivotek,IB9389-EHT,V19.6.81,20.237.104.91,Critical,99.93,2,9.8,1.0,2,2
CCTV-00967,Hanwha,PNF-9010R,V20.7.38,53.128.138.38,Critical,99.89,0,0.0,0.0,0,0
CCTV-00968,Uniview,IPC2124SR3-PF40,V21.1.45,130.146.223.118,Critical,99.84,1,6.5,3.0,0,0
CCTV-00969,CP Plus,CP-PLUS-16CH-DVR,V17.1.84,50.125.112.44,Critical,99.92,3,9.8,1.67,2,2
CCTV-00970,Axis,M3045-V,V20.5.92,184.44.190.24,Critical,99.89,1,6.5,3.0,0,0
CCTV-00971,Hanwha,QNV-7080R,V23.1.59,46.112.242.31,High,97.46,1,6.5,3.0,0,0
CCTV-00972,Axis,P3719-PLE,V18.9.3,124.165.132.19,Critical,99.89,2,8.8,2.0,1,1
CCTV-00973,Uniview,IPC672LR-AF60-B,V17.5.40,192.199.85.104,Critical,99.95,1,9.8,1.0,1,1
CCTV-00974,Hanwha,QNV-7080R,V16.4.70,149.51.79.238,Critical,99.94,1,7.8,1.0,1,0
CCTV-00975,Vivotek,IZ9361-EH,V18.6.83,160.67.112.124,Critical,99.76,1,9.1,2.0,0,1
CCTV-00976,Hanwha,PNM-9084RQZ,V19.2.49,142.115.97.87,Critical,99.83,1,6.5,3.0,0,0
CCTV-00977,CP Plus,CP-USC-TA13L2,V15.7.56,168.113.140.182,Critical,99.91,2,9.8,2.0,1,1
CCTV-00978,Hanwha,QND-7082R,V16.4.47,60.205.227.30,Critical,99.92,0,0.0,0.0,0,0
CCTV-00979,CP Plus,CP-E24A,V21.8.77,115.242.150.7,Critical,99.91,2,9.8,2.0,1,1
CCTV-00980,Hanwha,XNV-8082R,V21.6.92,103.231.82.154,Critical,99.87,0,0.0,0.0,0,0
CCTV-00981,Uniview,IPC672LR-AX4DUPK,V19.3.13,68.116.89.77,Critical,99.93,1,9.8,1.0,1,1
CCTV-00982,Hikvision,DS-7616NI-Q2,V22.5.8,101.145.42.236,Critical,99.87,1,9.8,1.0,1,1
CCTV-00983,Uniview,IPC672LR-AF60-B,V16.9.14,86.140.245.99,Critical,99.93,3,9.8,2.0,1,2
CCTV-00984,Uniview,IPC2124SR3-PF40,V20.4.71,172.178.15.148,Critical,99.94,2,9.8,2.0,1,1
CCTV-00985,Uniview,IPC2328SBR3-DPZ,V20.2.14,18.68.65.35,Critical,94.69,0,0.0,0.0,0,0
CCTV-00986,Uniview,NVR304-32E-B,V16.9.69,80.150.13.158,Critical,99.94,3,9.8,1.67,2,2
CCTV-00987,Dahua,NVR4104HS,V16.5.8,107.171.182.150,Critical,99.95,2,9.8,1.0,2,2
CCTV-00988,Hanwha,PNM-9084RQZ,V19.7.87,83.130.204.124,Critical,99.87,1,6.5,3.0,0,0
CCTV-00989,Dahua,IPC-HDW1431S,V18.8.29,33.58.133.179,Critical,99.94,2,9.8,1.0,2,1
CCTV-00990,Hanwha,XND-6085V,V18.7.75,138.26.30.26,Critical,98.78,0,0.0,0.0,0,0
CCTV-00991,Uniview,IPC672LR-AF60-B,V24.1.39,126.49.23.158,Critical,99.35,2,9.9,1.0,2,2
CCTV-00992,Uniview,IPC2328SBR3-DPZ,V19.5.54,113.17.27.48,Critical,99.95,3,9.8,1.67,2,1
CCTV-00993,Dahua,IPC-HFW1230S,V16.8.55,91.72.9.25,Critical,99.9,2,8.8,1.0,2,1
CCTV-00994,Hanwha,PNF-9010R,V17.3.26,167.23.38.30,Critical,99.89,2,9.1,1.5,1,2
CCTV-00995,Hanwha,XNV-8082R,V16.4.26,65.155.95.129,Critical,99.92,2,9.8,2.0,1,1
CCTV-00996,Axis,P1455-LE,V21.4.78,181.242.124.71,Critical,97.59,0,0.0,0.0,0,0
CCTV-00997,Uniview,IPC532E-DL-IN,V16.7.29,116.213.153.27,Critical,99.94,3,9.8,1.33,2,2
CCTV-00998,CP Plus,CP-USC-TA13L2,V21.5.28,157.173.127.40,Critical,99.92,2,9.8,2.0,1,1
CCTV-00999,CP Plus,CP-EAC-T24PL2,V22.6.63,94.219.126.172,Critical,94.49,0,0.0,0.0,0,0
CCTV-01000,Vivotek,IB9389-EHT,V17.1.50,187.236.45.8,Critical,99.91,0,0.0,0.0,0,0
CCTV-01001,Dahua,IPC-HFW1230S,V18.3.60,156.106.60.34,Critical,99.91,2,9.8,1.5,1,2
CCTV-01002,Hikvision,DS-2CD1623G,V17.3.75,86.5.110.102,Critical,99.94,2,9.8,2.0,1,1
CCTV-01003,Hanwha,QND-7082R,V18.1.85,109.55.86.90,Critical,99.95,4,9.8,1.25,3,3
CCTV-01004,Hanwha,XNP-6320H,V15.3.72,35.144.23.212,Critical,99.88,1,9.1,2.0,0,1
CCTV-01005,Vivotek,IZ9361-EH,V21.4.11,179.42.12.13,Critical,99.89,0,0.0,0.0,0,0
CCTV-01006,Hanwha,QND-7082R,V19.2.4,61.132.168.78,Critical,99.92,2,9.8,1.0,2,2
CCTV-01007,Vivotek,SD9364-EHL,V22.0.26,32.253.59.53,High,49.93,0,0.0,0.0,0,0
CCTV-01008,Dahua,IPC-HFW2431T,V19.4.2,188.38.109.249,Critical,99.89,1,6.5,3.0,0,0
CCTV-01009,Axis,P3265-LVE,V22.5.62,174.77.60.90,Critical,99.78,1,8.8,1.0,1,1
CCTV-01010,CP Plus,CP-UNC-TA21L3,V15.3.10,172.186.144.125,Critical,99.89,1,9.1,2.0,0,1
CCTV-01011,Uniview,IPC322LR3-VSPF40,V24.7.74,170.174.221.116,Low,97.09,0,0.0,0.0,0,0
CCTV-01012,CP Plus,CP-E24A,V16.5.99,31.150.140.29,Critical,99.94,1,9.8,1.0,1,1
CCTV-01013,Hanwha,XNV-8082R,V15.6.65,35.248.69.138,Critical,99.89,0,0.0,0.0,0,0
CCTV-01014,Dahua,IPC-HFW1230S,V18.2.24,165.152.16.1,Critical,99.93,4,9.8,1.75,2,2
CCTV-01015,CP Plus,CP-UNC-DA41L3,V15.8.34,174.67.3.203,Critical,99.94,3,9.8,1.67,2,1
CCTV-01016,Axis,P1455-LE,V15.5.62,95.64.48.239,Critical,99.8,1,9.1,2.0,0,1
CCTV-01017,Uniview,IPC6252SR-X5UG,V16.8.52,16.116.237.143,Critical,99.94,0,0.0,0.0,0,0
CCTV-01018,Vivotek,FD9389-EHTV,V19.1.28,15.142.95.148,Critical,99.94,0,0.0,0.0,0,0
CCTV-01019,Uniview,IPC2124SR3-PF40,V21.9.55,21.42.204.82,Critical,99.08,0,0.0,0.0,0,0
CCTV-01020,Dahua,IPC-HFW5831E,V17.3.53,87.235.255.221,Critical,99.93,1,9.8,1.0,1,1
CCTV-01021,Dahua,DHI-XVR1B04,V21.0.68,73.203.55.84,Critical,99.92,2,9.8,2.0,1,1
CCTV-01022,Vivotek,FE8182,V16.4.74,163.149.183.47,Critical,99.92,0,0.0,0.0,0,0
CCTV-01023,Dahua,IPC-HFW2431T,V16.8.17,43.13.154.23,Critical,99.93,4,9.8,1.75,2,2
CCTV-01024,Axis,P3265-LVE,V18.2.15,21.154.183.2,Critical,99.9,3,9.1,2.0,1,1
CCTV-01025,Dahua,IPC-HDW1431S,V15.1.85,97.192.143.180,Critical,99.9,3,9.8,1.67,2,1
CCTV-01026,Axis,M2026-LE,V18.5.45,170.239.238.235,Critical,99.9,1,9.1,2.0,0,1
CCTV-01027,Hanwha,QNV-7080R,V20.4.42,137.219.215.183,Critical,98.9,0,0.0,0.0,0,0
CCTV-01028,Axis,Q1615-E,V15.2.84,110.244.226.7,Critical,99.87,2,9.1,2.5,0,1
CCTV-01029,Axis,P3265-LVE,V19.3.42,66.254.42.22,Critical,99.92,1,9.8,1.0,1,1
CCTV-01030,CP Plus,CP-VAC-D20L2,V19.3.2,63.64.245.194,Critical,99.91,3,9.8,1.67,2,2
CCTV-01031,Vivotek,SD9364-EHL,V15.8.25,84.94.220.114,Critical,99.89,2,9.1,2.5,0,1
CCTV-01032,Hanwha,XNV-8082R,V22.5.8,115.133.225.131,Critical,99.41,0,0.0,0.0,0,0
CCTV-01033,CP Plus,CP-PLUS-16CH-DVR,V17.2.35,46.27.215.197,Critical,99.94,0,0.0,0.0,0,0
CCTV-01034,Dahua,IPC-HFW5831E,V22.7.22,60.149.252.119,Critical,99.81,1,7.8,1.0,1,0
CCTV-01035,Vivotek,IB9389-EHT,V16.5.63,46.124.98.114,Critical,99.92,0,0.0,0.0,0,0
CCTV-01036,Uniview,IPC672LR-AX4DUPK,V20.9.89,27.70.77.7,Critical,99.93,2,7.8,2.0,1,0
CCTV-01037,Hanwha,XNP-6320H,V23.8.37,148.207.255.186,Low,96.34,0,0.0,0.0,0,0
CCTV-01038,Uniview,IPC322LR3-VSPF40,V20.6.1,104.47.110.96,Critical,99.33,0,0.0,0.0,0,0
CCTV-01039,Hikvision,DS-2CD2043G,V15.5.37,25.139.123.17,Critical,99.94,2,9.8,1.0,2,1
CCTV-01040,CP Plus,CP-E24A,V17.8.43,107.144.229.29,Critical,99.96,2,9.8,2.0,1,1
CCTV-01041,Axis,P3265-LVE,V18.0.11,155.240.197.113,Critical,99.93,2,7.8,2.0,1,0
CCTV-01042,CP Plus,CP-PLUS-16CH-DVR,V20.8.25,104.126.186.244,Critical,99.86,1,7.8,1.0,1,0
CCTV-01043,Dahua,NVR4104HS,V18.9.98,11.103.3.39,Critical,99.89,1,6.5,3.0,0,0
CCTV-01044,Hanwha,QNV-7080R,V17.2.59,149.239.97.241,Critical,99.93,5,9.8,1.6,3,3
CCTV-01045,Hikvision,DS-2CD2T85G1,V23.7.16,84.71.163.33,Low,96.8,0,0.0,0.0,0,0
CCTV-01046,Uniview,IPC672LR-AF60-B,V19.6.25,23.178.247.218,Critical,99.91,1,9.8,1.0,1,1
CCTV-01047,Hanwha,XND-6085V,V25.1.96,20.193.120.50,High,96.66,1,6.5,3.0,0,0
CCTV-01048,CP Plus,CP-UVR-0401E1,V15.9.91,169.6.234.6,Critical,99.92,2,9.8,1.5,1,2
CCTV-01049,CP Plus,CP-UVR-0401E1,V18.3.53,112.178.106.172,Critical,99.93,4,9.8,1.75,2,2
CCTV-01050,CP Plus,CP-USC-TA13L2,V23.9.58,191.211.198.219,Low,96.56,0,0.0,0.0,0,0
CCTV-01051,CP Plus,CP-EAC-T24PL2,V21.0.26,42.148.1.11,Critical,99.91,2,9.8,2.0,1,1
CCTV-01052,Hanwha,XNP-6320H,V20.2.2,24.101.120.82,Critical,99.42,0,0.0,0.0,0,0
CCTV-01053,Axis,M3116-LVE,V17.3.1,95.142.33.86,Critical,99.9,1,9.8,1.0,1,1
CCTV-01054,Vivotek,ND9541P,V20.9.87,45.70.219.134,Critical,99.92,1,9.8,1.0,1,1
CCTV-01055,Hikvision,DS-7608NI-I2,V22.9.38,12.221.254.239,Critical,99.92,0,0.0,0.0,0,0
CCTV-01056,Dahua,SD22204UE-GN,V17.8.37,35.253.245.102,Critical,99.87,0,0.0,0.0,0,0
CCTV-01057,Hanwha,PNM-9084RQZ,V19.8.27,57.217.221.112,Critical,99.88,0,0.0,0.0,0,0
CCTV-01058,Axis,F34,V21.8.1,158.123.162.145,Critical,99.83,1,6.5,3.0,0,0
CCTV-01059,Vivotek,FD9389-EHTV,V15.5.79,191.148.63.198,Critical,99.91,3,9.1,2.0,1,1
CCTV-01060,Axis,M2026-LE,V23.6.42,88.219.20.15,Low,95.93,0,0.0,0.0,0,0
CCTV-01061,Hanwha,XRN-2011,V21.0.91,14.63.52.188,Critical,99.8,1,6.5,3.0,0,0
CCTV-01062,Dahua,DHI-XVR1B04,V19.1.82,20.6.255.164,Critical,99.92,3,9.8,1.0,3,2
CCTV-01063,Dahua,IPC-HFW1230S,V24.4.22,162.188.208.174,Low,95.43,0,0.0,0.0,0,0
CCTV-01064,Hanwha,XND-6085V,V16.6.69,141.101.137.130,Critical,99.91,1,6.5,3.0,0,0
CCTV-01065,Dahua,NVR5208-8P,V18.3.84,140.148.124.41,Critical,99.93,1,7.8,1.0,1,0
CCTV-01066,Hanwha,PNF-9010R,V21.9.71,112.237.84.188,Critical,99.96,1,9.8,1.0,1,1
CCTV-01067,Hanwha,XNP-6320H,V15.3.35,185.2.123.144,Critical,99.94,2,9.8,1.0,2,2
CCTV-01068,Hikvision,DS-2CD2143G,V17.5.71,185.119.114.193,Critical,99.66,0,0.0,0.0,0,0
CCTV-01069,Axis,P3719-PLE,V22.5.24,77.76.222.216,Critical,99.79,1,9.8,1.0,1,1
CCTV-01070,Uniview,IPC2328SBR3-DPZ,V23.5.14,30.244.155.89,Low,96.43,0,0.0,0.0,0,0
CCTV-01071,Hanwha,XRN-2011,V16.3.88,118.85.217.66,Critical,99.85,0,0.0,0.0,0,0
CCTV-01072,Hikvision,DS-2CD2085FWD,V20.0.65,28.223.252.241,Critical,99.88,1,9.8,1.0,1,1
CCTV-01073,Hikvision,DS-2CD1623G,V17.5.92,138.176.46.169,Critical,99.92,2,9.8,1.0,2,2
CCTV-01074,CP Plus,CP-VAC-D20L2,V15.5.77,26.56.169.75,Critical,99.9,1,6.5,3.0,0,0
CCTV-01075,Vivotek,IB9389-EHT,V20.4.24,133.60.54.83,Critical,99.86,1,6.5,3.0,0,0
CCTV-01076,Hikvision,DS-7616NI-Q2,V15.9.14,35.126.203.146,Critical,99.92,1,7.8,1.0,1,0
CCTV-01077,Hikvision,DS-7608NI-I2,V17.7.55,12.90.3.34,Critical,99.91,1,9.8,1.0,1,1
CCTV-01078,Hanwha,PNF-9010R,V20.8.31,12.105.139.105,Critical,99.92,1,7.8,1.0,1,0
CCTV-01079,Uniview,IPC672LR-AF60-B,V19.4.80,106.30.51.140,Critical,99.92,2,9.8,1.0,2,2
CCTV-01080,CP Plus,CP-VAC-D20L2,V15.1.30,70.44.245.254,Critical,99.95,3,9.8,1.67,2,2
CCTV-01081,Dahua,IPC-HDBW2831R,V19.7.95,78.186.14.204,Critical,99.93,1,9.8,1.0,1,1
CCTV-01082,Uniview,IPC532E-DL-IN,V15.3.58,57.232.219.128,Critical,99.94,2,9.8,1.0,2,1
CCTV-01083,Hikvision,DS-2CD1023G,V17.1.88,63.234.50.51,Critical,99.9,4,9.8,1.75,2,3
CCTV-01084,Vivotek,IZ9361-EH,V18.4.5,38.36.234.107,Critical,99.94,2,9.8,1.5,1,2
CCTV-01085,Hanwha,QNO-8080R,V20.2.80,147.198.247.238,Critical,99.14,0,0.0,0.0,0,0
CCTV-01086,Hikvision,DS-2CD1023G,V17.8.99,24.196.168.154,Critical,99.82,2,9.1,2.5,0,1
CCTV-01087,Dahua,NVR5208-8P,V15.4.6,132.171.229.135,Critical,99.95,1,9.8,1.0,1,1
CCTV-01088,Vivotek,IZ9361-EH,V19.9.61,151.52.4.111,Critical,99.94,2,8.8,2.0,1,1
CCTV-01089,Hikvision,DS-2CD2385G1,V16.5.52,165.210.111.125,Critical,99.89,2,9.8,2.0,1,1
CCTV-01090,Vivotek,IZ9361-EH,V15.9.27,39.199.113.206,Critical,99.94,0,0.0,0.0,0,0
CCTV-01091,Uniview,NVR304-32E-B,V17.1.30,97.215.120.175,Critical,99.95,1,9.8,1.0,1,1
CCTV-01092,Vivotek,ND9541P,V18.1.19,57.165.34.162,Critical,99.89,0,0.0,0.0,0,0
CCTV-01093,Uniview,IPC6252SR-X5UG,V21.6.22,152.128.162.60,Critical,99.86,1,6.5,3.0,0,0
CCTV-01094,Hikvision,DS-7608NI-I2,V17.0.77,166.90.55.118,Critical,99.95,2,9.8,1.5,1,2
CCTV-01095,Axis,M3116-LVE,V17.1.53,43.87.87.189,Critical,99.92,1,7.8,1.0,1,0
CCTV-01096,Hanwha,QND-7082R,V15.9.67,151.138.79.172,Critical,99.91,2,8.8,2.0,1,1
CCTV-01097,Uniview,IPC2124SR3-PF40,V15.4.31,99.98.33.230,Critical,99.91,1,8.8,1.0,1,1
CCTV-01098,Dahua,IPC-HFW5831E,V15.4.81,157.89.18.163,Critical,99.95,2,9.8,1.0,2,2
CCTV-01099,Dahua,NVR4104HS,V18.6.55,69.156.64.72,Critical,99.94,3,9.8,2.0,1,2
CCTV-01100,Uniview,IPC672LR-AX4DUPK,V16.6.54,75.19.222.199,Critical,99.94,2,8.8,2.0,1,1
CCTV-01101,Hanwha,XRN-2011,V21.2.36,153.191.139.226,Critical,99.94,2,9.8,1.0,2,1
CCTV-01102,Axis,M3045-V,V16.6.77,97.140.69.141,Critical,99.89,1,6.5,3.0,0,0
CCTV-01103,Vivotek,MD8563-EH,V16.4.36,76.225.42.21,Critical,99.89,2,7.8,2.0,1,0
CCTV-01104,Hikvision,DS-2CD1023G,V21.4.91,179.149.133.145,Critical,98.9,0,0.0,0.0,0,0
CCTV-01105,Uniview,IPC672LR-AX4DUPK,V16.3.47,21.69.135.231,Critical,99.92,4,9.8,1.75,2,3
CCTV-01106,Dahua,DHI-NVR4216-16P,V17.7.89,106.154.36.162,Critical,99.9,3,9.8,2.0,1,2
CCTV-01107,Axis,M3116-LVE,V18.4.73,166.106.0.195,Critical,99.94,2,9.8,1.0,2,1
CCTV-01108,CP Plus,CP-DGC-D13L2,V22.2.90,113.193.125.60,Critical,99.87,1,9.8,1.0,1,1
CCTV-01109,Hikvision,DS-2CD2T85G1,V15.2.25,182.211.69.100,Critical,99.91,2,9.8,2.0,1,1
CCTV-01110,Dahua,IPC-HDBW2831R,V17.5.89,74.14.122.122,Critical,99.95,2,9.8,1.0,2,2
CCTV-01111,Axis,P3265-LVE,V17.7.36,24.16.23.147,Critical,99.94,2,9.8,1.0,2,2
CCTV-01112,Hanwha,QND-7082R,V20.6.47,115.220.16.162,Critical,99.94,1,7.8,1.0,1,0
CCTV-01113,Uniview,IPC2124SR3-PF40,V22.0.33,138.204.160.21,Critical,99.45,1,6.5,3.0,0,0
CCTV-01114,Hikvision,DS-2CD2T85G1,V15.5.64,159.210.204.172,Critical,99.95,2,9.8,1.0,2,2
CCTV-01115,Uniview,IPC2328SBR3-DPZ,V18.2.90,90.142.246.175,Critical,99.9,0,0.0,0.0,0,0
CCTV-01116,Dahua,SD22204UE-GN,V18.2.19,76.233.153.222,Critical,99.92,1,9.8,1.0,1,1
CCTV-01117,CP Plus,CP-VAC-D20L2,V15.5.77,132.154.48.53,Critical,99.94,1,9.8,1.0,1,1
CCTV-01118,Hikvision,DS-2CD1023G,V23.1.64,135.167.175.225,Low,96.38,0,0.0,0.0,0,0
CCTV-01119,Vivotek,ND9541P,V15.9.66,34.112.159.137,Critical,99.94,2,9.8,1.0,2,2
CCTV-01120,Hanwha,QNO-8080R,V18.0.93,157.237.123.251,Critical,99.93,1,9.8,1.0,1,1
CCTV-01121,Hanwha,XNP-6320H,V22.1.22,23.32.164.58,Critical,99.85,2,9.8,2.0,1,1
CCTV-01122,Hikvision,DS-2CD1023G,V15.4.37,87.61.94.153,Critical,99.95,1,9.8,1.0,1,1
CCTV-01123,Vivotek,FD9389-EHTV,V15.9.76,189.67.81.171,Critical,99.92,2,9.8,2.0,1,1
CCTV-01124,CP Plus,CP-VAC-D20L2,V21.1.51,47.15.99.162,Critical,99.92,2,9.8,2.0,1,1
CCTV-01125,CP Plus,CP-USC-TA13L2,V18.1.95,136.65.130.207,Critical,99.9,3,9.8,2.0,1,2
CCTV-01126,Dahua,DHI-NVR4216-16P,V18.1.18,151.14.88.203,Critical,99.89,3,9.8,2.0,1,2
CCTV-01127,Hanwha,PNM-9084RQZ,V16.6.45,34.199.168.161,Critical,99.93,2,7.8,2.0,1,0
CCTV-01128,Hanwha,XRN-2011,V17.2.28,32.50.99.143,Critical,99.91,1,9.1,2.0,0,1
CCTV-01129,Axis,M3045-V,V23.7.75,153.86.148.79,Critical,68.75,1,6.5,3.0,0,0
CCTV-01130,Hikvision,DS-2DE4A425IW,V20.1.33,94.113.64.169,Critical,99.95,1,9.8,1.0,1,1
CCTV-01131,Uniview,IPC2328SBR3-DPZ,V18.8.32,147.0.56.135,Critical,99.93,2,8.8,2.0,1,1
CCTV-01132,Dahua,IPC-HDW1431S,V16.3.5,131.171.75.21,Critical,99.92,2,9.8,2.0,1,1
CCTV-01133,Dahua,DHI-XVR1B04,V19.1.61,144.197.80.110,Critical,99.95,1,9.8,1.0,1,1
CCTV-01134,Axis,Q1615-E,V20.1.78,163.218.121.240,Critical,99.14,0,0.0,0.0,0,0
CCTV-01135,Uniview,IPC2124SR3-PF40,V23.0.72,42.143.110.79,Low,96.68,0,0.0,0.0,0,0
CCTV-01136,Hanwha,PNM-9084RQZ,V18.6.70,105.204.204.253,Critical,99.95,2,9.8,1.0,2,2
CCTV-01137,Uniview,IPC672LR-AF60-B,V15.5.41,171.170.105.102,Critical,99.94,3,9.8,1.33,2,2
CCTV-01138,Uniview,IPC6252SR-X5UG,V19.1.13,176.111.125.221,Critical,99.92,0,0.0,0.0,0,0
CCTV-01139,Hikvision,DS-2CD2385G1,V17.5.70,97.42.51.156,Critical,99.95,3,9.8,1.67,2,2
CCTV-01140,Vivotek,FD9389-EHTV,V17.5.47,179.243.139.113,Critical,99.95,1,9.8,1.0,1,1
CCTV-01141,Axis,M3067-P,V17.5.74,46.1.136.197,Critical,99.88,1,6.5,3.0,0,0
CCTV-01142,Vivotek,IB9389-EHT,V18.3.38,179.36.134.178,Critical,99.93,1,6.5,3.0,0,0
CCTV-01143,Vivotek,MD8563-EH,V15.5.46,147.187.190.90,Critical,99.94,2,8.8,2.0,1,1
CCTV-01144,Vivotek,IB9389-EHT,V21.9.44,59.210.85.62,Critical,99.92,1,7.8,1.0,1,0
CCTV-01145,Dahua,NVR5208-8P,V17.4.2,156.174.21.133,Critical,99.92,1,9.8,1.0,1,1
CCTV-01146,Uniview,NVR304-32E-B,V18.4.47,156.138.17.126,Critical,99.88,1,9.1,2.0,0,1
CCTV-01147,Vivotek,IP8160-W,V20.2.67,112.127.180.51,Critical,99.92,1,9.8,1.0,1,1
CCTV-01148,Hanwha,PNF-9010R,V18.3.47,11.38.139.49,Critical,99.93,2,8.8,1.0,2,1
CCTV-01149,Hikvision,DS-2DE4A425IW,V18.4.21,15.100.5.171,Critical,99.91,2,9.8,1.5,1,2
CCTV-01150,Hikvision,DS-2CD2385G1,V19.3.46,143.199.219.241,Critical,99.91,1,6.5,3.0,0,0
CCTV-01151,Vivotek,FD9389-EHTV,V15.2.86,168.156.201.251,Critical,99.95,2,9.8,1.5,1,2
CCTV-01152,Hanwha,XRN-2011,V17.4.80,188.175.43.55,Critical,99.88,1,6.5,3.0,0,0
CCTV-01153,Axis,P3265-LVE,V16.0.87,181.68.84.8,Critical,99.94,0,0.0,0.0,0,0
CCTV-01154,Hikvision,DS-2CD1623G,V19.3.25,133.23.5.254,Critical,99.94,1,9.8,1.0,1,1
CCTV-01155,Axis,P3265-LVE,V17.8.30,86.52.199.209,Critical,99.91,1,7.8,1.0,1,0
CCTV-01156,Vivotek,IB8382-T,V15.2.49,155.16.249.166,Critical,99.91,1,9.1,2.0,0,1
CCTV-01157,Hikvision,DS-2CD1023G,V16.5.84,80.89.60.246,Critical,99.88,1,8.8,1.0,1,1
CCTV-01158,CP Plus,CP-EAC-T24PL2,V15.3.81,46.118.101.198,Critical,99.93,0,0.0,0.0,0,0
CCTV-01159,CP Plus,CP-DGC-D13L2,V16.8.38,32.77.125.49,Critical,99.95,1,9.8,1.0,1,1
CCTV-01160,Hikvision,DS-2DE4A425IW,V17.8.81,156.155.37.34,Critical,99.96,1,9.8,1.0,1,1
CCTV-01161,CP Plus,CP-E24A,V15.1.50,109.143.114.80,Critical,99.94,2,9.8,1.0,2,1
CCTV-01162,CP Plus,CP-PLUS-16CH-DVR,V21.7.86,77.174.59.200,Critical,99.94,0,0.0,0.0,0,0
CCTV-01163,Hikvision,DS-2CD1623G,V18.8.5,132.211.60.27,Critical,99.93,1,9.8,1.0,1,1
CCTV-01164,Hikvision,DS-2CD2043G,V18.9.60,16.104.5.156,Critical,99.94,3,9.8,1.67,2,2
CCTV-01165,Vivotek,SD9364-EHL,V24.6.67,126.224.191.120,Low,96.07,0,0.0,0.0,0,0
CCTV-01166,Hikvision,DS-2CD1023G,V18.6.18,148.85.147.52,Critical,99.92,2,9.8,1.5,1,2
CCTV-01167,Dahua,NVR4104HS,V16.3.6,10.204.176.168,Critical,99.93,1,9.8,1.0,1,1
CCTV-01168,Dahua,NVR4104HS,V17.8.50,97.125.54.30,Critical,99.9,2,9.8,2.0,1,1
CCTV-01169,Vivotek,IZ9361-EH,V21.4.21,152.217.228.140,Critical,99.89,1,8.8,1.0,1,1
CCTV-01170,Axis,M3045-V,V19.0.29,63.67.241.145,Critical,99.92,1,6.5,3.0,0,0
CCTV-01171,Vivotek,MD8563-EH,V15.8.63,148.3.241.2,Critical,99.94,2,9.8,1.0,2,2
CCTV-01172,Hikvision,DS-7608NI-I2,V15.0.22,79.34.203.71,Critical,99.92,1,9.8,1.0,1,1
CCTV-01173,Vivotek,MD8563-EH,V19.1.7,24.246.174.75,Critical,99.88,1,6.5,3.0,0,0
CCTV-01174,Uniview,NVR304-32E-B,V16.9.47,44.205.248.20,Critical,99.94,2,9.8,1.5,1,2
CCTV-01175,CP Plus,CP-DGC-D13L2,V17.1.79,68.76.230.216,Critical,99.89,3,9.8,1.67,2,1
CCTV-01176,Hikvision,DS-2CD1623G,V18.3.96,129.171.235.78,Critical,99.94,4,9.8,1.75,2,2
CCTV-01177,Uniview,IPC322LR3-VSPF40,V26.4.23,130.230.120.195,Critical,99.9,2,9.8,2.0,1,1
CCTV-01178,Uniview,IPC2328SBR3-DPZ,V20.7.61,113.157.114.229,Critical,99.94,2,9.8,1.0,2,1
CCTV-01179,Vivotek,IB9389-EHT,V21.9.73,188.181.247.59,Critical,99.96,3,9.8,1.0,3,2
CCTV-01180,Axis,M3067-P,V15.2.51,35.170.75.120,Critical,99.9,1,9.1,2.0,0,1
CCTV-01181,Dahua,IPC-HFW2431T,V24.1.96,145.139.229.206,Critical,99.11,1,9.8,1.0,1,1
CCTV-01182,CP Plus,CP-VAC-D20L2,V15.8.81,12.21.103.37,Critical,99.92,1,9.8,1.0,1,1
CCTV-01183,Vivotek,ND9541P,V15.0.90,82.90.127.32,Critical,99.84,2,7.8,2.0,1,0
CCTV-01184,Axis,P3719-PLE,V18.2.92,161.93.177.45,Critical,99.78,2,9.1,2.5,0,1
CCTV-01185,Vivotek,MD8563-EH,V18.3.42,118.158.51.217,Critical,99.89,0,0.0,0.0,0,0
CCTV-01186,Dahua,IPC-HDW1431S,V16.7.32,101.166.255.14,Critical,99.91,3,9.8,2.0,1,2
CCTV-01187,Hanwha,QND-7082R,V19.0.34,19.248.38.151,Critical,99.95,2,9.8,1.0,2,2
CCTV-01188,Hikvision,DS-2CD1023G,V21.5.2,110.221.118.45,Critical,99.9,2,9.8,2.0,1,1
CCTV-01189,Vivotek,CC8370-HV,V25.6.31,20.148.78.15,Critical,99.4,2,9.9,1.0,2,2
CCTV-01190,CP Plus,CP-PLUS-16CH-DVR,V18.6.64,82.213.49.218,Critical,99.91,3,8.8,1.67,2,1
CCTV-01191,Hikvision,DS-2CD1023G,V19.7.65,100.215.23.90,Critical,99.95,2,9.8,1.0,2,2
CCTV-01192,Uniview,IPC2124SR3-PF40,V19.6.42,124.79.98.118,Critical,99.91,0,0.0,0.0,0,0
CCTV-01193,Dahua,DHI-XVR1B04,V17.0.59,150.104.210.119,Critical,99.94,2,9.8,1.0,2,2
CCTV-01194,Hikvision,DS-2CD1623G,V17.4.72,112.106.155.64,Critical,99.93,1,9.8,1.0,1,1
CCTV-01195,Hanwha,QNO-8080R,V18.7.26,152.246.55.152,Critical,99.91,1,9.1,2.0,0,1
CCTV-01196,Hanwha,PNM-9084RQZ,V22.1.47,18.18.106.146,Critical,96.75,0,0.0,0.0,0,0
CCTV-01197,Hanwha,XND-6085V,V17.7.30,67.160.80.158,Critical,99.86,2,9.1,2.5,0,1
CCTV-01198,CP Plus,CP-PLUS-16CH-DVR,V24.0.62,125.167.206.15,Medium,72.24,0,0.0,0.0,0,0
CCTV-01199,Hikvision,DS-2CD2085FWD,V15.0.16,13.172.35.106,Critical,99.95,2,9.8,1.0,2,2
CCTV-01200,Axis,M3067-P,V15.8.14,82.155.155.40,Critical,99.48,0,0.0,0.0,0,0
